dataset,backbone,loss,bits,features,applicable,feature_definition,protocol,map_pct,codes_file,source
Houston2013,SSFTT,CSQ,16,cls,yes,,,,codes/Houston2013/SSFTT/CSQ/16/cls.npz,
Houston2013,SSFTT,CSQ,16,all,yes,,,,codes/Houston2013/SSFTT/CSQ/16/all.npz,
Houston2013,SSFTT,CSQ,32,cls,yes,,,,codes/Houston2013/SSFTT/CSQ/32/cls.npz,
Houston2013,SSFTT,CSQ,32,all,yes,,,,codes/Houston2013/SSFTT/CSQ/32/all.npz,
Houston2013,SSFTT,CSQ,64,cls,yes,,,,codes/Houston2013/SSFTT/CSQ/64/cls.npz,
Houston2013,SSFTT,CSQ,64,all,yes,,,,codes/Houston2013/SSFTT/CSQ/64/all.npz,
Houston2013,SSFTT,DPN,16,cls,yes,,,,codes/Houston2013/SSFTT/DPN/16/cls.npz,
Houston2013,SSFTT,DPN,16,all,yes,,,,codes/Houston2013/SSFTT/DPN/16/all.npz,
Houston2013,SSFTT,DPN,32,cls,yes,,,,codes/Houston2013/SSFTT/DPN/32/cls.npz,
Houston2013,SSFTT,DPN,32,all,yes,,,,codes/Houston2013/SSFTT/DPN/32/all.npz,
Houston2013,SSFTT,DPN,64,cls,yes,,,,codes/Houston2013/SSFTT/DPN/64/cls.npz,
Houston2013,SSFTT,DPN,64,all,yes,,,,codes/Houston2013/SSFTT/DPN/64/all.npz,
Houston2013,SSFTT,DSH,16,cls,yes,,,,codes/Houston2013/SSFTT/DSH/16/cls.npz,
Houston2013,SSFTT,DSH,16,all,yes,,,,codes/Houston2013/SSFTT/DSH/16/all.npz,
Houston2013,SSFTT,DSH,32,cls,yes,,,,codes/Houston2013/SSFTT/DSH/32/cls.npz,
Houston2013,SSFTT,DSH,32,all,yes,,,,codes/Houston2013/SSFTT/DSH/32/all.npz,
Houston2013,SSFTT,DSH,64,cls,yes,,,,codes/Houston2013/SSFTT/DSH/64/cls.npz,
Houston2013,SSFTT,DSH,64,all,yes,,,,codes/Houston2013/SSFTT/DSH/64/all.npz,
Houston2013,SSFTT,GreedyHash,16,cls,yes,,,,codes/Houston2013/SSFTT/GreedyHash/16/cls.npz,
Houston2013,SSFTT,GreedyHash,16,all,yes,,,,codes/Houston2013/SSFTT/GreedyHash/16/all.npz,
Houston2013,SSFTT,GreedyHash,32,cls,yes,,,,codes/Houston2013/SSFTT/GreedyHash/32/cls.npz,
Houston2013,SSFTT,GreedyHash,32,all,yes,,,,codes/Houston2013/SSFTT/GreedyHash/32/all.npz,
Houston2013,SSFTT,GreedyHash,64,cls,yes,,,,codes/Houston2013/SSFTT/GreedyHash/64/cls.npz,
Houston2013,SSFTT,GreedyHash,64,all,yes,,,,codes/Houston2013/SSFTT/GreedyHash/64/all.npz,
Houston2013,SSFTT,HashNet,16,cls,yes,,,,codes/Houston2013/SSFTT/HashNet/16/cls.npz,
Houston2013,SSFTT,HashNet,16,all,yes,,,,codes/Houston2013/SSFTT/HashNet/16/all.npz,
Houston2013,SSFTT,HashNet,32,cls,yes,,,,codes/Houston2013/SSFTT/HashNet/32/cls.npz,
Houston2013,SSFTT,HashNet,32,all,yes,,,,codes/Houston2013/SSFTT/HashNet/32/all.npz,
Houston2013,SSFTT,HashNet,64,cls,yes,,,,codes/Houston2013/SSFTT/HashNet/64/cls.npz,
Houston2013,SSFTT,HashNet,64,all,yes,,,,codes/Houston2013/SSFTT/HashNet/64/all.npz,
Houston2013,SSFTT,IDHN,16,cls,yes,,,,codes/Houston2013/SSFTT/IDHN/16/cls.npz,
Houston2013,SSFTT,IDHN,16,all,yes,,,,codes/Houston2013/SSFTT/IDHN/16/all.npz,
Houston2013,SSFTT,IDHN,32,cls,yes,,,,codes/Houston2013/SSFTT/IDHN/32/cls.npz,
Houston2013,SSFTT,IDHN,32,all,yes,,,,codes/Houston2013/SSFTT/IDHN/32/all.npz,
Houston2013,SSFTT,IDHN,64,cls,yes,,,,codes/Houston2013/SSFTT/IDHN/64/cls.npz,
Houston2013,SSFTT,IDHN,64,all,yes,,,,codes/Houston2013/SSFTT/IDHN/64/all.npz,
Houston2013,SSFTT,OrthoHash,16,cls,yes,,,,codes/Houston2013/SSFTT/OrthoHash/16/cls.npz,
Houston2013,SSFTT,OrthoHash,16,all,yes,,,,codes/Houston2013/SSFTT/OrthoHash/16/all.npz,
Houston2013,SSFTT,OrthoHash,32,cls,yes,,,,codes/Houston2013/SSFTT/OrthoHash/32/cls.npz,
Houston2013,SSFTT,OrthoHash,32,all,yes,,,,codes/Houston2013/SSFTT/OrthoHash/32/all.npz,
Houston2013,SSFTT,OrthoHash,64,cls,yes,,,,codes/Houston2013/SSFTT/OrthoHash/64/cls.npz,
Houston2013,SSFTT,OrthoHash,64,all,yes,,,,codes/Houston2013/SSFTT/OrthoHash/64/all.npz,
Houston2013,SSFTT,DSPCH,16,cls,yes,,,,codes/Houston2013/SSFTT/DSPCH/16/cls.npz,
Houston2013,SSFTT,DSPCH,16,all,yes,,,,codes/Houston2013/SSFTT/DSPCH/16/all.npz,
Houston2013,SSFTT,DSPCH,32,cls,yes,,,,codes/Houston2013/SSFTT/DSPCH/32/cls.npz,
Houston2013,SSFTT,DSPCH,32,all,yes,,,,codes/Houston2013/SSFTT/DSPCH/32/all.npz,
Houston2013,SSFTT,DSPCH,64,cls,yes,,,,codes/Houston2013/SSFTT/DSPCH/64/cls.npz,
Houston2013,SSFTT,DSPCH,64,all,yes,,,,codes/Houston2013/SSFTT/DSPCH/64/all.npz,
Houston2013,SSFTT,DHNN,16,cls,yes,,,,codes/Houston2013/SSFTT/DHNN/16/cls.npz,
Houston2013,SSFTT,DHNN,16,all,yes,,,,codes/Houston2013/SSFTT/DHNN/16/all.npz,
Houston2013,SSFTT,DHNN,32,cls,yes,,,,codes/Houston2013/SSFTT/DHNN/32/cls.npz,
Houston2013,SSFTT,DHNN,32,all,yes,,,,codes/Houston2013/SSFTT/DHNN/32/all.npz,
Houston2013,SSFTT,DHNN,64,cls,yes,,,,codes/Houston2013/SSFTT/DHNN/64/cls.npz,
Houston2013,SSFTT,DHNN,64,all,yes,,,,codes/Houston2013/SSFTT/DHNN/64/all.npz,
Houston2013,Mamba,CSQ,16,cls,yes,,,,codes/Houston2013/Mamba/CSQ/16/cls.npz,
Houston2013,Mamba,CSQ,16,all,yes,,,,codes/Houston2013/Mamba/CSQ/16/all.npz,
Houston2013,Mamba,CSQ,32,cls,yes,,,,codes/Houston2013/Mamba/CSQ/32/cls.npz,
Houston2013,Mamba,CSQ,32,all,yes,,,,codes/Houston2013/Mamba/CSQ/32/all.npz,
Houston2013,Mamba,CSQ,64,cls,yes,,,,codes/Houston2013/Mamba/CSQ/64/cls.npz,
Houston2013,Mamba,CSQ,64,all,yes,,,,codes/Houston2013/Mamba/CSQ/64/all.npz,
Houston2013,Mamba,DPN,16,cls,yes,,,,codes/Houston2013/Mamba/DPN/16/cls.npz,
Houston2013,Mamba,DPN,16,all,yes,,,,codes/Houston2013/Mamba/DPN/16/all.npz,
Houston2013,Mamba,DPN,32,cls,yes,,,,codes/Houston2013/Mamba/DPN/32/cls.npz,
Houston2013,Mamba,DPN,32,all,yes,,,,codes/Houston2013/Mamba/DPN/32/all.npz,
Houston2013,Mamba,DPN,64,cls,yes,,,,codes/Houston2013/Mamba/DPN/64/cls.npz,
Houston2013,Mamba,DPN,64,all,yes,,,,codes/Houston2013/Mamba/DPN/64/all.npz,
Houston2013,Mamba,DSH,16,cls,yes,,,,codes/Houston2013/Mamba/DSH/16/cls.npz,
Houston2013,Mamba,DSH,16,all,yes,,,,codes/Houston2013/Mamba/DSH/16/all.npz,
Houston2013,Mamba,DSH,32,cls,yes,,,,codes/Houston2013/Mamba/DSH/32/cls.npz,
Houston2013,Mamba,DSH,32,all,yes,,,,codes/Houston2013/Mamba/DSH/32/all.npz,
Houston2013,Mamba,DSH,64,cls,yes,,,,codes/Houston2013/Mamba/DSH/64/cls.npz,
Houston2013,Mamba,DSH,64,all,yes,,,,codes/Houston2013/Mamba/DSH/64/all.npz,
Houston2013,Mamba,GreedyHash,16,cls,yes,,,,codes/Houston2013/Mamba/GreedyHash/16/cls.npz,
Houston2013,Mamba,GreedyHash,16,all,yes,,,,codes/Houston2013/Mamba/GreedyHash/16/all.npz,
Houston2013,Mamba,GreedyHash,32,cls,yes,,,,codes/Houston2013/Mamba/GreedyHash/32/cls.npz,
Houston2013,Mamba,GreedyHash,32,all,yes,,,,codes/Houston2013/Mamba/GreedyHash/32/all.npz,
Houston2013,Mamba,GreedyHash,64,cls,yes,,,,codes/Houston2013/Mamba/GreedyHash/64/cls.npz,
Houston2013,Mamba,GreedyHash,64,all,yes,,,,codes/Houston2013/Mamba/GreedyHash/64/all.npz,
Houston2013,Mamba,HashNet,16,cls,yes,,,,codes/Houston2013/Mamba/HashNet/16/cls.npz,
Houston2013,Mamba,HashNet,16,all,yes,,,,codes/Houston2013/Mamba/HashNet/16/all.npz,
Houston2013,Mamba,HashNet,32,cls,yes,,,,codes/Houston2013/Mamba/HashNet/32/cls.npz,
Houston2013,Mamba,HashNet,32,all,yes,,,,codes/Houston2013/Mamba/HashNet/32/all.npz,
Houston2013,Mamba,HashNet,64,cls,yes,,,,codes/Houston2013/Mamba/HashNet/64/cls.npz,
Houston2013,Mamba,HashNet,64,all,yes,,,,codes/Houston2013/Mamba/HashNet/64/all.npz,
Houston2013,Mamba,IDHN,16,cls,yes,,,,codes/Houston2013/Mamba/IDHN/16/cls.npz,
Houston2013,Mamba,IDHN,16,all,yes,,,,codes/Houston2013/Mamba/IDHN/16/all.npz,
Houston2013,Mamba,IDHN,32,cls,yes,,,,codes/Houston2013/Mamba/IDHN/32/cls.npz,
Houston2013,Mamba,IDHN,32,all,yes,,,,codes/Houston2013/Mamba/IDHN/32/all.npz,
Houston2013,Mamba,IDHN,64,cls,yes,,,,codes/Houston2013/Mamba/IDHN/64/cls.npz,
Houston2013,Mamba,IDHN,64,all,yes,,,,codes/Houston2013/Mamba/IDHN/64/all.npz,
Houston2013,Mamba,OrthoHash,16,cls,yes,,,,codes/Houston2013/Mamba/OrthoHash/16/cls.npz,
Houston2013,Mamba,OrthoHash,16,all,yes,,,,codes/Houston2013/Mamba/OrthoHash/16/all.npz,
Houston2013,Mamba,OrthoHash,32,cls,yes,,,,codes/Houston2013/Mamba/OrthoHash/32/cls.npz,
Houston2013,Mamba,OrthoHash,32,all,yes,,,,codes/Houston2013/Mamba/OrthoHash/32/all.npz,
Houston2013,Mamba,OrthoHash,64,cls,yes,,,,codes/Houston2013/Mamba/OrthoHash/64/cls.npz,
Houston2013,Mamba,OrthoHash,64,all,yes,,,,codes/Houston2013/Mamba/OrthoHash/64/all.npz,
Houston2013,Mamba,DSPCH,16,cls,yes,,,,codes/Houston2013/Mamba/DSPCH/16/cls.npz,
Houston2013,Mamba,DSPCH,16,all,yes,,,,codes/Houston2013/Mamba/DSPCH/16/all.npz,
Houston2013,Mamba,DSPCH,32,cls,yes,,,,codes/Houston2013/Mamba/DSPCH/32/cls.npz,
Houston2013,Mamba,DSPCH,32,all,yes,,,,codes/Houston2013/Mamba/DSPCH/32/all.npz,
Houston2013,Mamba,DSPCH,64,cls,yes,,,,codes/Houston2013/Mamba/DSPCH/64/cls.npz,
Houston2013,Mamba,DSPCH,64,all,yes,,,,codes/Houston2013/Mamba/DSPCH/64/all.npz,
Houston2013,Mamba,DHNN,16,cls,yes,,,,codes/Houston2013/Mamba/DHNN/16/cls.npz,
Houston2013,Mamba,DHNN,16,all,yes,,,,codes/Houston2013/Mamba/DHNN/16/all.npz,
Houston2013,Mamba,DHNN,32,cls,yes,,,,codes/Houston2013/Mamba/DHNN/32/cls.npz,
Houston2013,Mamba,DHNN,32,all,yes,,,,codes/Houston2013/Mamba/DHNN/32/all.npz,
Houston2013,Mamba,DHNN,64,cls,yes,,,,codes/Houston2013/Mamba/DHNN/64/cls.npz,
Houston2013,Mamba,DHNN,64,all,yes,,,,codes/Houston2013/Mamba/DHNN/64/all.npz,
Houston2013,MoE-Mamba,CSQ,16,cls,yes,,,,codes/Houston2013/MoE-Mamba/CSQ/16/cls.npz,
Houston2013,MoE-Mamba,CSQ,16,all,yes,,,,codes/Houston2013/MoE-Mamba/CSQ/16/all.npz,
Houston2013,MoE-Mamba,CSQ,32,cls,yes,,,,codes/Houston2013/MoE-Mamba/CSQ/32/cls.npz,
Houston2013,MoE-Mamba,CSQ,32,all,yes,,,,codes/Houston2013/MoE-Mamba/CSQ/32/all.npz,
Houston2013,MoE-Mamba,CSQ,64,cls,yes,,,,codes/Houston2013/MoE-Mamba/CSQ/64/cls.npz,
Houston2013,MoE-Mamba,CSQ,64,all,yes,,,,codes/Houston2013/MoE-Mamba/CSQ/64/all.npz,
Houston2013,MoE-Mamba,DPN,16,cls,yes,,,,codes/Houston2013/MoE-Mamba/DPN/16/cls.npz,
Houston2013,MoE-Mamba,DPN,16,all,yes,,,,codes/Houston2013/MoE-Mamba/DPN/16/all.npz,
Houston2013,MoE-Mamba,DPN,32,cls,yes,,,,codes/Houston2013/MoE-Mamba/DPN/32/cls.npz,
Houston2013,MoE-Mamba,DPN,32,all,yes,,,,codes/Houston2013/MoE-Mamba/DPN/32/all.npz,
Houston2013,MoE-Mamba,DPN,64,cls,yes,,,,codes/Houston2013/MoE-Mamba/DPN/64/cls.npz,
Houston2013,MoE-Mamba,DPN,64,all,yes,,,,codes/Houston2013/MoE-Mamba/DPN/64/all.npz,
Houston2013,MoE-Mamba,DSH,16,cls,yes,,,,codes/Houston2013/MoE-Mamba/DSH/16/cls.npz,
Houston2013,MoE-Mamba,DSH,16,all,yes,,,,codes/Houston2013/MoE-Mamba/DSH/16/all.npz,
Houston2013,MoE-Mamba,DSH,32,cls,yes,,,,codes/Houston2013/MoE-Mamba/DSH/32/cls.npz,
Houston2013,MoE-Mamba,DSH,32,all,yes,,,,codes/Houston2013/MoE-Mamba/DSH/32/all.npz,
Houston2013,MoE-Mamba,DSH,64,cls,yes,,,,codes/Houston2013/MoE-Mamba/DSH/64/cls.npz,
Houston2013,MoE-Mamba,DSH,64,all,yes,,,,codes/Houston2013/MoE-Mamba/DSH/64/all.npz,
Houston2013,MoE-Mamba,GreedyHash,16,cls,yes,,,,codes/Houston2013/MoE-Mamba/GreedyHash/16/cls.npz,
Houston2013,MoE-Mamba,GreedyHash,16,all,yes,,,,codes/Houston2013/MoE-Mamba/GreedyHash/16/all.npz,
Houston2013,MoE-Mamba,GreedyHash,32,cls,yes,,,,codes/Houston2013/MoE-Mamba/GreedyHash/32/cls.npz,
Houston2013,MoE-Mamba,GreedyHash,32,all,yes,,,,codes/Houston2013/MoE-Mamba/GreedyHash/32/all.npz,
Houston2013,MoE-Mamba,GreedyHash,64,cls,yes,,,,codes/Houston2013/MoE-Mamba/GreedyHash/64/cls.npz,
Houston2013,MoE-Mamba,GreedyHash,64,all,yes,,,,codes/Houston2013/MoE-Mamba/GreedyHash/64/all.npz,
Houston2013,MoE-Mamba,HashNet,16,cls,yes,,,,codes/Houston2013/MoE-Mamba/HashNet/16/cls.npz,
Houston2013,MoE-Mamba,HashNet,16,all,yes,,,,codes/Houston2013/MoE-Mamba/HashNet/16/all.npz,
Houston2013,MoE-Mamba,HashNet,32,cls,yes,,,,codes/Houston2013/MoE-Mamba/HashNet/32/cls.npz,
Houston2013,MoE-Mamba,HashNet,32,all,yes,,,,codes/Houston2013/MoE-Mamba/HashNet/32/all.npz,
Houston2013,MoE-Mamba,HashNet,64,cls,yes,,,,codes/Houston2013/MoE-Mamba/HashNet/64/cls.npz,
Houston2013,MoE-Mamba,HashNet,64,all,yes,,,,codes/Houston2013/MoE-Mamba/HashNet/64/all.npz,
Houston2013,MoE-Mamba,IDHN,16,cls,yes,,,,codes/Houston2013/MoE-Mamba/IDHN/16/cls.npz,
Houston2013,MoE-Mamba,IDHN,16,all,yes,,,,codes/Houston2013/MoE-Mamba/IDHN/16/all.npz,
Houston2013,MoE-Mamba,IDHN,32,cls,yes,,,,codes/Houston2013/MoE-Mamba/IDHN/32/cls.npz,
Houston2013,MoE-Mamba,IDHN,32,all,yes,,,,codes/Houston2013/MoE-Mamba/IDHN/32/all.npz,
Houston2013,MoE-Mamba,IDHN,64,cls,yes,,,,codes/Houston2013/MoE-Mamba/IDHN/64/cls.npz,
Houston2013,MoE-Mamba,IDHN,64,all,yes,,,,codes/Houston2013/MoE-Mamba/IDHN/64/all.npz,
Houston2013,MoE-Mamba,OrthoHash,16,cls,yes,,,,codes/Houston2013/MoE-Mamba/OrthoHash/16/cls.npz,
Houston2013,MoE-Mamba,OrthoHash,16,all,yes,,,,codes/Houston2013/MoE-Mamba/OrthoHash/16/all.npz,
Houston2013,MoE-Mamba,OrthoHash,32,cls,yes,,,,codes/Houston2013/MoE-Mamba/OrthoHash/32/cls.npz,
Houston2013,MoE-Mamba,OrthoHash,32,all,yes,,,,codes/Houston2013/MoE-Mamba/OrthoHash/32/all.npz,
Houston2013,MoE-Mamba,OrthoHash,64,cls,yes,,,,codes/Houston2013/MoE-Mamba/OrthoHash/64/cls.npz,
Houston2013,MoE-Mamba,OrthoHash,64,all,yes,,,,codes/Houston2013/MoE-Mamba/OrthoHash/64/all.npz,
Houston2013,MoE-Mamba,DSPCH,16,cls,yes,,,,codes/Houston2013/MoE-Mamba/DSPCH/16/cls.npz,
Houston2013,MoE-Mamba,DSPCH,16,all,yes,,,,codes/Houston2013/MoE-Mamba/DSPCH/16/all.npz,
Houston2013,MoE-Mamba,DSPCH,32,cls,yes,,,,codes/Houston2013/MoE-Mamba/DSPCH/32/cls.npz,
Houston2013,MoE-Mamba,DSPCH,32,all,yes,,,,codes/Houston2013/MoE-Mamba/DSPCH/32/all.npz,
Houston2013,MoE-Mamba,DSPCH,64,cls,yes,,,,codes/Houston2013/MoE-Mamba/DSPCH/64/cls.npz,
Houston2013,MoE-Mamba,DSPCH,64,all,yes,,,,codes/Houston2013/MoE-Mamba/DSPCH/64/all.npz,
Houston2013,MoE-Mamba,DHNN,16,cls,yes,,,,codes/Houston2013/MoE-Mamba/DHNN/16/cls.npz,
Houston2013,MoE-Mamba,DHNN,16,all,yes,,,,codes/Houston2013/MoE-Mamba/DHNN/16/all.npz,
Houston2013,MoE-Mamba,DHNN,32,cls,yes,,,,codes/Houston2013/MoE-Mamba/DHNN/32/cls.npz,
Houston2013,MoE-Mamba,DHNN,32,all,yes,,,,codes/Houston2013/MoE-Mamba/DHNN/32/all.npz,
Houston2013,MoE-Mamba,DHNN,64,cls,yes,,,,codes/Houston2013/MoE-Mamba/DHNN/64/cls.npz,
Houston2013,MoE-Mamba,DHNN,64,all,yes,,,,codes/Houston2013/MoE-Mamba/DHNN/64/all.npz,
Houston2013,SSRN,CSQ,16,cls,yes,,,,codes/Houston2013/SSRN/CSQ/16/cls.npz,
Houston2013,SSRN,CSQ,16,all,yes,,,,codes/Houston2013/SSRN/CSQ/16/all.npz,
Houston2013,SSRN,CSQ,32,cls,yes,,,,codes/Houston2013/SSRN/CSQ/32/cls.npz,
Houston2013,SSRN,CSQ,32,all,yes,,,,codes/Houston2013/SSRN/CSQ/32/all.npz,
Houston2013,SSRN,CSQ,64,cls,yes,,,,codes/Houston2013/SSRN/CSQ/64/cls.npz,
Houston2013,SSRN,CSQ,64,all,yes,,,,codes/Houston2013/SSRN/CSQ/64/all.npz,
Houston2013,SSRN,DPN,16,cls,yes,,,,codes/Houston2013/SSRN/DPN/16/cls.npz,
Houston2013,SSRN,DPN,16,all,yes,,,,codes/Houston2013/SSRN/DPN/16/all.npz,
Houston2013,SSRN,DPN,32,cls,yes,,,,codes/Houston2013/SSRN/DPN/32/cls.npz,
Houston2013,SSRN,DPN,32,all,yes,,,,codes/Houston2013/SSRN/DPN/32/all.npz,
Houston2013,SSRN,DPN,64,cls,yes,,,,codes/Houston2013/SSRN/DPN/64/cls.npz,
Houston2013,SSRN,DPN,64,all,yes,,,,codes/Houston2013/SSRN/DPN/64/all.npz,
Houston2013,SSRN,DSH,16,cls,yes,,,,codes/Houston2013/SSRN/DSH/16/cls.npz,
Houston2013,SSRN,DSH,16,all,yes,,,,codes/Houston2013/SSRN/DSH/16/all.npz,
Houston2013,SSRN,DSH,32,cls,yes,,,,codes/Houston2013/SSRN/DSH/32/cls.npz,
Houston2013,SSRN,DSH,32,all,yes,,,,codes/Houston2013/SSRN/DSH/32/all.npz,
Houston2013,SSRN,DSH,64,cls,yes,,,,codes/Houston2013/SSRN/DSH/64/cls.npz,
Houston2013,SSRN,DSH,64,all,yes,,,,codes/Houston2013/SSRN/DSH/64/all.npz,
Houston2013,SSRN,GreedyHash,16,cls,yes,,,,codes/Houston2013/SSRN/GreedyHash/16/cls.npz,
Houston2013,SSRN,GreedyHash,16,all,yes,,,,codes/Houston2013/SSRN/GreedyHash/16/all.npz,
Houston2013,SSRN,GreedyHash,32,cls,yes,,,,codes/Houston2013/SSRN/GreedyHash/32/cls.npz,
Houston2013,SSRN,GreedyHash,32,all,yes,,,,codes/Houston2013/SSRN/GreedyHash/32/all.npz,
Houston2013,SSRN,GreedyHash,64,cls,yes,,,,codes/Houston2013/SSRN/GreedyHash/64/cls.npz,
Houston2013,SSRN,GreedyHash,64,all,yes,,,,codes/Houston2013/SSRN/GreedyHash/64/all.npz,
Houston2013,SSRN,HashNet,16,cls,yes,,,,codes/Houston2013/SSRN/HashNet/16/cls.npz,
Houston2013,SSRN,HashNet,16,all,yes,,,,codes/Houston2013/SSRN/HashNet/16/all.npz,
Houston2013,SSRN,HashNet,32,cls,yes,,,,codes/Houston2013/SSRN/HashNet/32/cls.npz,
Houston2013,SSRN,HashNet,32,all,yes,,,,codes/Houston2013/SSRN/HashNet/32/all.npz,
Houston2013,SSRN,HashNet,64,cls,yes,,,,codes/Houston2013/SSRN/HashNet/64/cls.npz,
Houston2013,SSRN,HashNet,64,all,yes,,,,codes/Houston2013/SSRN/HashNet/64/all.npz,
Houston2013,SSRN,IDHN,16,cls,yes,,,,codes/Houston2013/SSRN/IDHN/16/cls.npz,
Houston2013,SSRN,IDHN,16,all,yes,,,,codes/Houston2013/SSRN/IDHN/16/all.npz,
Houston2013,SSRN,IDHN,32,cls,yes,,,,codes/Houston2013/SSRN/IDHN/32/cls.npz,
Houston2013,SSRN,IDHN,32,all,yes,,,,codes/Houston2013/SSRN/IDHN/32/all.npz,
Houston2013,SSRN,IDHN,64,cls,yes,,,,codes/Houston2013/SSRN/IDHN/64/cls.npz,
Houston2013,SSRN,IDHN,64,all,yes,,,,codes/Houston2013/SSRN/IDHN/64/all.npz,
Houston2013,SSRN,OrthoHash,16,cls,yes,,,,codes/Houston2013/SSRN/OrthoHash/16/cls.npz,
Houston2013,SSRN,OrthoHash,16,all,yes,,,,codes/Houston2013/SSRN/OrthoHash/16/all.npz,
Houston2013,SSRN,OrthoHash,32,cls,yes,,,,codes/Houston2013/SSRN/OrthoHash/32/cls.npz,
Houston2013,SSRN,OrthoHash,32,all,yes,,,,codes/Houston2013/SSRN/OrthoHash/32/all.npz,
Houston2013,SSRN,OrthoHash,64,cls,yes,,,,codes/Houston2013/SSRN/OrthoHash/64/cls.npz,
Houston2013,SSRN,OrthoHash,64,all,yes,,,,codes/Houston2013/SSRN/OrthoHash/64/all.npz,
Houston2013,SSRN,DSPCH,16,cls,yes,,,,codes/Houston2013/SSRN/DSPCH/16/cls.npz,
Houston2013,SSRN,DSPCH,16,all,yes,,,,codes/Houston2013/SSRN/DSPCH/16/all.npz,
Houston2013,SSRN,DSPCH,32,cls,yes,,,,codes/Houston2013/SSRN/DSPCH/32/cls.npz,
Houston2013,SSRN,DSPCH,32,all,yes,,,,codes/Houston2013/SSRN/DSPCH/32/all.npz,
Houston2013,SSRN,DSPCH,64,cls,yes,,,,codes/Houston2013/SSRN/DSPCH/64/cls.npz,
Houston2013,SSRN,DSPCH,64,all,yes,,,,codes/Houston2013/SSRN/DSPCH/64/all.npz,
Houston2013,SSRN,DHNN,16,cls,yes,,,,codes/Houston2013/SSRN/DHNN/16/cls.npz,
Houston2013,SSRN,DHNN,16,all,yes,,,,codes/Houston2013/SSRN/DHNN/16/all.npz,
Houston2013,SSRN,DHNN,32,cls,yes,,,,codes/Houston2013/SSRN/DHNN/32/cls.npz,
Houston2013,SSRN,DHNN,32,all,yes,,,,codes/Houston2013/SSRN/DHNN/32/all.npz,
Houston2013,SSRN,DHNN,64,cls,yes,,,,codes/Houston2013/SSRN/DHNN/64/cls.npz,
Houston2013,SSRN,DHNN,64,all,yes,,,,codes/Houston2013/SSRN/DHNN/64/all.npz,
Houston2013,A2S2KResNet,CSQ,16,cls,yes,,,,codes/Houston2013/A2S2KResNet/CSQ/16/cls.npz,
Houston2013,A2S2KResNet,CSQ,16,all,yes,,,,codes/Houston2013/A2S2KResNet/CSQ/16/all.npz,
Houston2013,A2S2KResNet,CSQ,32,cls,yes,,,,codes/Houston2013/A2S2KResNet/CSQ/32/cls.npz,
Houston2013,A2S2KResNet,CSQ,32,all,yes,,,,codes/Houston2013/A2S2KResNet/CSQ/32/all.npz,
Houston2013,A2S2KResNet,CSQ,64,cls,yes,,,,codes/Houston2013/A2S2KResNet/CSQ/64/cls.npz,
Houston2013,A2S2KResNet,CSQ,64,all,yes,,,,codes/Houston2013/A2S2KResNet/CSQ/64/all.npz,
Houston2013,A2S2KResNet,DPN,16,cls,yes,,,,codes/Houston2013/A2S2KResNet/DPN/16/cls.npz,
Houston2013,A2S2KResNet,DPN,16,all,yes,,,,codes/Houston2013/A2S2KResNet/DPN/16/all.npz,
Houston2013,A2S2KResNet,DPN,32,cls,yes,,,,codes/Houston2013/A2S2KResNet/DPN/32/cls.npz,
Houston2013,A2S2KResNet,DPN,32,all,yes,,,,codes/Houston2013/A2S2KResNet/DPN/32/all.npz,
Houston2013,A2S2KResNet,DPN,64,cls,yes,,,,codes/Houston2013/A2S2KResNet/DPN/64/cls.npz,
Houston2013,A2S2KResNet,DPN,64,all,yes,,,,codes/Houston2013/A2S2KResNet/DPN/64/all.npz,
Houston2013,A2S2KResNet,DSH,16,cls,yes,,,,codes/Houston2013/A2S2KResNet/DSH/16/cls.npz,
Houston2013,A2S2KResNet,DSH,16,all,yes,,,,codes/Houston2013/A2S2KResNet/DSH/16/all.npz,
Houston2013,A2S2KResNet,DSH,32,cls,yes,,,,codes/Houston2013/A2S2KResNet/DSH/32/cls.npz,
Houston2013,A2S2KResNet,DSH,32,all,yes,,,,codes/Houston2013/A2S2KResNet/DSH/32/all.npz,
Houston2013,A2S2KResNet,DSH,64,cls,yes,,,,codes/Houston2013/A2S2KResNet/DSH/64/cls.npz,
Houston2013,A2S2KResNet,DSH,64,all,yes,,,,codes/Houston2013/A2S2KResNet/DSH/64/all.npz,
Houston2013,A2S2KResNet,GreedyHash,16,cls,yes,,,,codes/Houston2013/A2S2KResNet/GreedyHash/16/cls.npz,
Houston2013,A2S2KResNet,GreedyHash,16,all,yes,,,,codes/Houston2013/A2S2KResNet/GreedyHash/16/all.npz,
Houston2013,A2S2KResNet,GreedyHash,32,cls,yes,,,,codes/Houston2013/A2S2KResNet/GreedyHash/32/cls.npz,
Houston2013,A2S2KResNet,GreedyHash,32,all,yes,,,,codes/Houston2013/A2S2KResNet/GreedyHash/32/all.npz,
Houston2013,A2S2KResNet,GreedyHash,64,cls,yes,,,,codes/Houston2013/A2S2KResNet/GreedyHash/64/cls.npz,
Houston2013,A2S2KResNet,GreedyHash,64,all,yes,,,,codes/Houston2013/A2S2KResNet/GreedyHash/64/all.npz,
Houston2013,A2S2KResNet,HashNet,16,cls,yes,,,,codes/Houston2013/A2S2KResNet/HashNet/16/cls.npz,
Houston2013,A2S2KResNet,HashNet,16,all,yes,,,,codes/Houston2013/A2S2KResNet/HashNet/16/all.npz,
Houston2013,A2S2KResNet,HashNet,32,cls,yes,,,,codes/Houston2013/A2S2KResNet/HashNet/32/cls.npz,
Houston2013,A2S2KResNet,HashNet,32,all,yes,,,,codes/Houston2013/A2S2KResNet/HashNet/32/all.npz,
Houston2013,A2S2KResNet,HashNet,64,cls,yes,,,,codes/Houston2013/A2S2KResNet/HashNet/64/cls.npz,
Houston2013,A2S2KResNet,HashNet,64,all,yes,,,,codes/Houston2013/A2S2KResNet/HashNet/64/all.npz,
Houston2013,A2S2KResNet,IDHN,16,cls,yes,,,,codes/Houston2013/A2S2KResNet/IDHN/16/cls.npz,
Houston2013,A2S2KResNet,IDHN,16,all,yes,,,,codes/Houston2013/A2S2KResNet/IDHN/16/all.npz,
Houston2013,A2S2KResNet,IDHN,32,cls,yes,,,,codes/Houston2013/A2S2KResNet/IDHN/32/cls.npz,
Houston2013,A2S2KResNet,IDHN,32,all,yes,,,,codes/Houston2013/A2S2KResNet/IDHN/32/all.npz,
Houston2013,A2S2KResNet,IDHN,64,cls,yes,,,,codes/Houston2013/A2S2KResNet/IDHN/64/cls.npz,
Houston2013,A2S2KResNet,IDHN,64,all,yes,,,,codes/Houston2013/A2S2KResNet/IDHN/64/all.npz,
Houston2013,A2S2KResNet,OrthoHash,16,cls,yes,,,,codes/Houston2013/A2S2KResNet/OrthoHash/16/cls.npz,
Houston2013,A2S2KResNet,OrthoHash,16,all,yes,,,,codes/Houston2013/A2S2KResNet/OrthoHash/16/all.npz,
Houston2013,A2S2KResNet,OrthoHash,32,cls,yes,,,,codes/Houston2013/A2S2KResNet/OrthoHash/32/cls.npz,
Houston2013,A2S2KResNet,OrthoHash,32,all,yes,,,,codes/Houston2013/A2S2KResNet/OrthoHash/32/all.npz,
Houston2013,A2S2KResNet,OrthoHash,64,cls,yes,,,,codes/Houston2013/A2S2KResNet/OrthoHash/64/cls.npz,
Houston2013,A2S2KResNet,OrthoHash,64,all,yes,,,,codes/Houston2013/A2S2KResNet/OrthoHash/64/all.npz,
Houston2013,A2S2KResNet,DSPCH,16,cls,yes,,,,codes/Houston2013/A2S2KResNet/DSPCH/16/cls.npz,
Houston2013,A2S2KResNet,DSPCH,16,all,yes,,,,codes/Houston2013/A2S2KResNet/DSPCH/16/all.npz,
Houston2013,A2S2KResNet,DSPCH,32,cls,yes,,,,codes/Houston2013/A2S2KResNet/DSPCH/32/cls.npz,
Houston2013,A2S2KResNet,DSPCH,32,all,yes,,,,codes/Houston2013/A2S2KResNet/DSPCH/32/all.npz,
Houston2013,A2S2KResNet,DSPCH,64,cls,yes,,,,codes/Houston2013/A2S2KResNet/DSPCH/64/cls.npz,
Houston2013,A2S2KResNet,DSPCH,64,all,yes,,,,codes/Houston2013/A2S2KResNet/DSPCH/64/all.npz,
Houston2013,A2S2KResNet,DHNN,16,cls,yes,,,,codes/Houston2013/A2S2KResNet/DHNN/16/cls.npz,
Houston2013,A2S2KResNet,DHNN,16,all,yes,,,,codes/Houston2013/A2S2KResNet/DHNN/16/all.npz,
Houston2013,A2S2KResNet,DHNN,32,cls,yes,,,,codes/Houston2013/A2S2KResNet/DHNN/32/cls.npz,
Houston2013,A2S2KResNet,DHNN,32,all,yes,,,,codes/Houston2013/A2S2KResNet/DHNN/32/all.npz,
Houston2013,A2S2KResNet,DHNN,64,cls,yes,,,,codes/Houston2013/A2S2KResNet/DHNN/64/cls.npz,
Houston2013,A2S2KResNet,DHNN,64,all,yes,,,,codes/Houston2013/A2S2KResNet/DHNN/64/all.npz,
Houston2013,ContextualNet,CSQ,16,cls,yes,,,,codes/Houston2013/ContextualNet/CSQ/16/cls.npz,
Houston2013,ContextualNet,CSQ,16,all,yes,,,,codes/Houston2013/ContextualNet/CSQ/16/all.npz,
Houston2013,ContextualNet,CSQ,32,cls,yes,,,,codes/Houston2013/ContextualNet/CSQ/32/cls.npz,
Houston2013,ContextualNet,CSQ,32,all,yes,,,,codes/Houston2013/ContextualNet/CSQ/32/all.npz,
Houston2013,ContextualNet,CSQ,64,cls,yes,,,,codes/Houston2013/ContextualNet/CSQ/64/cls.npz,
Houston2013,ContextualNet,CSQ,64,all,yes,,,,codes/Houston2013/ContextualNet/CSQ/64/all.npz,
Houston2013,ContextualNet,DPN,16,cls,yes,,,,codes/Houston2013/ContextualNet/DPN/16/cls.npz,
Houston2013,ContextualNet,DPN,16,all,yes,,,,codes/Houston2013/ContextualNet/DPN/16/all.npz,
Houston2013,ContextualNet,DPN,32,cls,yes,,,,codes/Houston2013/ContextualNet/DPN/32/cls.npz,
Houston2013,ContextualNet,DPN,32,all,yes,,,,codes/Houston2013/ContextualNet/DPN/32/all.npz,
Houston2013,ContextualNet,DPN,64,cls,yes,,,,codes/Houston2013/ContextualNet/DPN/64/cls.npz,
Houston2013,ContextualNet,DPN,64,all,yes,,,,codes/Houston2013/ContextualNet/DPN/64/all.npz,
Houston2013,ContextualNet,DSH,16,cls,yes,,,,codes/Houston2013/ContextualNet/DSH/16/cls.npz,
Houston2013,ContextualNet,DSH,16,all,yes,,,,codes/Houston2013/ContextualNet/DSH/16/all.npz,
Houston2013,ContextualNet,DSH,32,cls,yes,,,,codes/Houston2013/ContextualNet/DSH/32/cls.npz,
Houston2013,ContextualNet,DSH,32,all,yes,,,,codes/Houston2013/ContextualNet/DSH/32/all.npz,
Houston2013,ContextualNet,DSH,64,cls,yes,,,,codes/Houston2013/ContextualNet/DSH/64/cls.npz,
Houston2013,ContextualNet,DSH,64,all,yes,,,,codes/Houston2013/ContextualNet/DSH/64/all.npz,
Houston2013,ContextualNet,GreedyHash,16,cls,yes,,,,codes/Houston2013/ContextualNet/GreedyHash/16/cls.npz,
Houston2013,ContextualNet,GreedyHash,16,all,yes,,,,codes/Houston2013/ContextualNet/GreedyHash/16/all.npz,
Houston2013,ContextualNet,GreedyHash,32,cls,yes,,,,codes/Houston2013/ContextualNet/GreedyHash/32/cls.npz,
Houston2013,ContextualNet,GreedyHash,32,all,yes,,,,codes/Houston2013/ContextualNet/GreedyHash/32/all.npz,
Houston2013,ContextualNet,GreedyHash,64,cls,yes,,,,codes/Houston2013/ContextualNet/GreedyHash/64/cls.npz,
Houston2013,ContextualNet,GreedyHash,64,all,yes,,,,codes/Houston2013/ContextualNet/GreedyHash/64/all.npz,
Houston2013,ContextualNet,HashNet,16,cls,yes,,,,codes/Houston2013/ContextualNet/HashNet/16/cls.npz,
Houston2013,ContextualNet,HashNet,16,all,yes,,,,codes/Houston2013/ContextualNet/HashNet/16/all.npz,
Houston2013,ContextualNet,HashNet,32,cls,yes,,,,codes/Houston2013/ContextualNet/HashNet/32/cls.npz,
Houston2013,ContextualNet,HashNet,32,all,yes,,,,codes/Houston2013/ContextualNet/HashNet/32/all.npz,
Houston2013,ContextualNet,HashNet,64,cls,yes,,,,codes/Houston2013/ContextualNet/HashNet/64/cls.npz,
Houston2013,ContextualNet,HashNet,64,all,yes,,,,codes/Houston2013/ContextualNet/HashNet/64/all.npz,
Houston2013,ContextualNet,IDHN,16,cls,yes,,,,codes/Houston2013/ContextualNet/IDHN/16/cls.npz,
Houston2013,ContextualNet,IDHN,16,all,yes,,,,codes/Houston2013/ContextualNet/IDHN/16/all.npz,
Houston2013,ContextualNet,IDHN,32,cls,yes,,,,codes/Houston2013/ContextualNet/IDHN/32/cls.npz,
Houston2013,ContextualNet,IDHN,32,all,yes,,,,codes/Houston2013/ContextualNet/IDHN/32/all.npz,
Houston2013,ContextualNet,IDHN,64,cls,yes,,,,codes/Houston2013/ContextualNet/IDHN/64/cls.npz,
Houston2013,ContextualNet,IDHN,64,all,yes,,,,codes/Houston2013/ContextualNet/IDHN/64/all.npz,
Houston2013,ContextualNet,OrthoHash,16,cls,yes,,,,codes/Houston2013/ContextualNet/OrthoHash/16/cls.npz,
Houston2013,ContextualNet,OrthoHash,16,all,yes,,,,codes/Houston2013/ContextualNet/OrthoHash/16/all.npz,
Houston2013,ContextualNet,OrthoHash,32,cls,yes,,,,codes/Houston2013/ContextualNet/OrthoHash/32/cls.npz,
Houston2013,ContextualNet,OrthoHash,32,all,yes,,,,codes/Houston2013/ContextualNet/OrthoHash/32/all.npz,
Houston2013,ContextualNet,OrthoHash,64,cls,yes,,,,codes/Houston2013/ContextualNet/OrthoHash/64/cls.npz,
Houston2013,ContextualNet,OrthoHash,64,all,yes,,,,codes/Houston2013/ContextualNet/OrthoHash/64/all.npz,
Houston2013,ContextualNet,DSPCH,16,cls,yes,,,,codes/Houston2013/ContextualNet/DSPCH/16/cls.npz,
Houston2013,ContextualNet,DSPCH,16,all,yes,,,,codes/Houston2013/ContextualNet/DSPCH/16/all.npz,
Houston2013,ContextualNet,DSPCH,32,cls,yes,,,,codes/Houston2013/ContextualNet/DSPCH/32/cls.npz,
Houston2013,ContextualNet,DSPCH,32,all,yes,,,,codes/Houston2013/ContextualNet/DSPCH/32/all.npz,
Houston2013,ContextualNet,DSPCH,64,cls,yes,,,,codes/Houston2013/ContextualNet/DSPCH/64/cls.npz,
Houston2013,ContextualNet,DSPCH,64,all,yes,,,,codes/Houston2013/ContextualNet/DSPCH/64/all.npz,
Houston2013,ContextualNet,DHNN,16,cls,yes,,,,codes/Houston2013/ContextualNet/DHNN/16/cls.npz,
Houston2013,ContextualNet,DHNN,16,all,yes,,,,codes/Houston2013/ContextualNet/DHNN/16/all.npz,
Houston2013,ContextualNet,DHNN,32,cls,yes,,,,codes/Houston2013/ContextualNet/DHNN/32/cls.npz,
Houston2013,ContextualNet,DHNN,32,all,yes,,,,codes/Houston2013/ContextualNet/DHNN/32/all.npz,
Houston2013,ContextualNet,DHNN,64,cls,yes,,,,codes/Houston2013/ContextualNet/DHNN/64/cls.npz,
Houston2013,ContextualNet,DHNN,64,all,yes,,,,codes/Houston2013/ContextualNet/DHNN/64/all.npz,
Houston2013,CNN-2D,CSQ,16,cls,yes,,,,codes/Houston2013/CNN-2D/CSQ/16/cls.npz,
Houston2013,CNN-2D,CSQ,16,all,yes,,,,codes/Houston2013/CNN-2D/CSQ/16/all.npz,
Houston2013,CNN-2D,CSQ,32,cls,yes,,,,codes/Houston2013/CNN-2D/CSQ/32/cls.npz,
Houston2013,CNN-2D,CSQ,32,all,yes,,,,codes/Houston2013/CNN-2D/CSQ/32/all.npz,
Houston2013,CNN-2D,CSQ,64,cls,yes,,,,codes/Houston2013/CNN-2D/CSQ/64/cls.npz,
Houston2013,CNN-2D,CSQ,64,all,yes,,,,codes/Houston2013/CNN-2D/CSQ/64/all.npz,
Houston2013,CNN-2D,DPN,16,cls,yes,,,,codes/Houston2013/CNN-2D/DPN/16/cls.npz,
Houston2013,CNN-2D,DPN,16,all,yes,,,,codes/Houston2013/CNN-2D/DPN/16/all.npz,
Houston2013,CNN-2D,DPN,32,cls,yes,,,,codes/Houston2013/CNN-2D/DPN/32/cls.npz,
Houston2013,CNN-2D,DPN,32,all,yes,,,,codes/Houston2013/CNN-2D/DPN/32/all.npz,
Houston2013,CNN-2D,DPN,64,cls,yes,,,,codes/Houston2013/CNN-2D/DPN/64/cls.npz,
Houston2013,CNN-2D,DPN,64,all,yes,,,,codes/Houston2013/CNN-2D/DPN/64/all.npz,
Houston2013,CNN-2D,DSH,16,cls,yes,,,,codes/Houston2013/CNN-2D/DSH/16/cls.npz,
Houston2013,CNN-2D,DSH,16,all,yes,,,,codes/Houston2013/CNN-2D/DSH/16/all.npz,
Houston2013,CNN-2D,DSH,32,cls,yes,,,,codes/Houston2013/CNN-2D/DSH/32/cls.npz,
Houston2013,CNN-2D,DSH,32,all,yes,,,,codes/Houston2013/CNN-2D/DSH/32/all.npz,
Houston2013,CNN-2D,DSH,64,cls,yes,,,,codes/Houston2013/CNN-2D/DSH/64/cls.npz,
Houston2013,CNN-2D,DSH,64,all,yes,,,,codes/Houston2013/CNN-2D/DSH/64/all.npz,
Houston2013,CNN-2D,GreedyHash,16,cls,yes,,,,codes/Houston2013/CNN-2D/GreedyHash/16/cls.npz,
Houston2013,CNN-2D,GreedyHash,16,all,yes,,,,codes/Houston2013/CNN-2D/GreedyHash/16/all.npz,
Houston2013,CNN-2D,GreedyHash,32,cls,yes,,,,codes/Houston2013/CNN-2D/GreedyHash/32/cls.npz,
Houston2013,CNN-2D,GreedyHash,32,all,yes,,,,codes/Houston2013/CNN-2D/GreedyHash/32/all.npz,
Houston2013,CNN-2D,GreedyHash,64,cls,yes,,,,codes/Houston2013/CNN-2D/GreedyHash/64/cls.npz,
Houston2013,CNN-2D,GreedyHash,64,all,yes,,,,codes/Houston2013/CNN-2D/GreedyHash/64/all.npz,
Houston2013,CNN-2D,HashNet,16,cls,yes,,,,codes/Houston2013/CNN-2D/HashNet/16/cls.npz,
Houston2013,CNN-2D,HashNet,16,all,yes,,,,codes/Houston2013/CNN-2D/HashNet/16/all.npz,
Houston2013,CNN-2D,HashNet,32,cls,yes,,,,codes/Houston2013/CNN-2D/HashNet/32/cls.npz,
Houston2013,CNN-2D,HashNet,32,all,yes,,,,codes/Houston2013/CNN-2D/HashNet/32/all.npz,
Houston2013,CNN-2D,HashNet,64,cls,yes,,,,codes/Houston2013/CNN-2D/HashNet/64/cls.npz,
Houston2013,CNN-2D,HashNet,64,all,yes,,,,codes/Houston2013/CNN-2D/HashNet/64/all.npz,
Houston2013,CNN-2D,IDHN,16,cls,yes,,,,codes/Houston2013/CNN-2D/IDHN/16/cls.npz,
Houston2013,CNN-2D,IDHN,16,all,yes,,,,codes/Houston2013/CNN-2D/IDHN/16/all.npz,
Houston2013,CNN-2D,IDHN,32,cls,yes,,,,codes/Houston2013/CNN-2D/IDHN/32/cls.npz,
Houston2013,CNN-2D,IDHN,32,all,yes,,,,codes/Houston2013/CNN-2D/IDHN/32/all.npz,
Houston2013,CNN-2D,IDHN,64,cls,yes,,,,codes/Houston2013/CNN-2D/IDHN/64/cls.npz,
Houston2013,CNN-2D,IDHN,64,all,yes,,,,codes/Houston2013/CNN-2D/IDHN/64/all.npz,
Houston2013,CNN-2D,OrthoHash,16,cls,yes,,,,codes/Houston2013/CNN-2D/OrthoHash/16/cls.npz,
Houston2013,CNN-2D,OrthoHash,16,all,yes,,,,codes/Houston2013/CNN-2D/OrthoHash/16/all.npz,
Houston2013,CNN-2D,OrthoHash,32,cls,yes,,,,codes/Houston2013/CNN-2D/OrthoHash/32/cls.npz,
Houston2013,CNN-2D,OrthoHash,32,all,yes,,,,codes/Houston2013/CNN-2D/OrthoHash/32/all.npz,
Houston2013,CNN-2D,OrthoHash,64,cls,yes,,,,codes/Houston2013/CNN-2D/OrthoHash/64/cls.npz,
Houston2013,CNN-2D,OrthoHash,64,all,yes,,,,codes/Houston2013/CNN-2D/OrthoHash/64/all.npz,
Houston2013,CNN-2D,DSPCH,16,cls,yes,,,,codes/Houston2013/CNN-2D/DSPCH/16/cls.npz,
Houston2013,CNN-2D,DSPCH,16,all,yes,,,,codes/Houston2013/CNN-2D/DSPCH/16/all.npz,
Houston2013,CNN-2D,DSPCH,32,cls,yes,,,,codes/Houston2013/CNN-2D/DSPCH/32/cls.npz,
Houston2013,CNN-2D,DSPCH,32,all,yes,,,,codes/Houston2013/CNN-2D/DSPCH/32/all.npz,
Houston2013,CNN-2D,DSPCH,64,cls,yes,,,,codes/Houston2013/CNN-2D/DSPCH/64/cls.npz,
Houston2013,CNN-2D,DSPCH,64,all,yes,,,,codes/Houston2013/CNN-2D/DSPCH/64/all.npz,
Houston2013,CNN-2D,DHNN,16,cls,yes,,,,codes/Houston2013/CNN-2D/DHNN/16/cls.npz,
Houston2013,CNN-2D,DHNN,16,all,yes,,,,codes/Houston2013/CNN-2D/DHNN/16/all.npz,
Houston2013,CNN-2D,DHNN,32,cls,yes,,,,codes/Houston2013/CNN-2D/DHNN/32/cls.npz,
Houston2013,CNN-2D,DHNN,32,all,yes,,,,codes/Houston2013/CNN-2D/DHNN/32/all.npz,
Houston2013,CNN-2D,DHNN,64,cls,yes,,,,codes/Houston2013/CNN-2D/DHNN/64/cls.npz,
Houston2013,CNN-2D,DHNN,64,all,yes,,,,codes/Houston2013/CNN-2D/DHNN/64/all.npz,
Houston2013,CNN-3D,CSQ,16,cls,yes,,,,codes/Houston2013/CNN-3D/CSQ/16/cls.npz,
Houston2013,CNN-3D,CSQ,16,all,yes,,,,codes/Houston2013/CNN-3D/CSQ/16/all.npz,
Houston2013,CNN-3D,CSQ,32,cls,yes,,,,codes/Houston2013/CNN-3D/CSQ/32/cls.npz,
Houston2013,CNN-3D,CSQ,32,all,yes,,,,codes/Houston2013/CNN-3D/CSQ/32/all.npz,
Houston2013,CNN-3D,CSQ,64,cls,yes,,,,codes/Houston2013/CNN-3D/CSQ/64/cls.npz,
Houston2013,CNN-3D,CSQ,64,all,yes,,,,codes/Houston2013/CNN-3D/CSQ/64/all.npz,
Houston2013,CNN-3D,DPN,16,cls,yes,,,,codes/Houston2013/CNN-3D/DPN/16/cls.npz,
Houston2013,CNN-3D,DPN,16,all,yes,,,,codes/Houston2013/CNN-3D/DPN/16/all.npz,
Houston2013,CNN-3D,DPN,32,cls,yes,,,,codes/Houston2013/CNN-3D/DPN/32/cls.npz,
Houston2013,CNN-3D,DPN,32,all,yes,,,,codes/Houston2013/CNN-3D/DPN/32/all.npz,
Houston2013,CNN-3D,DPN,64,cls,yes,,,,codes/Houston2013/CNN-3D/DPN/64/cls.npz,
Houston2013,CNN-3D,DPN,64,all,yes,,,,codes/Houston2013/CNN-3D/DPN/64/all.npz,
Houston2013,CNN-3D,DSH,16,cls,yes,,,,codes/Houston2013/CNN-3D/DSH/16/cls.npz,
Houston2013,CNN-3D,DSH,16,all,yes,,,,codes/Houston2013/CNN-3D/DSH/16/all.npz,
Houston2013,CNN-3D,DSH,32,cls,yes,,,,codes/Houston2013/CNN-3D/DSH/32/cls.npz,
Houston2013,CNN-3D,DSH,32,all,yes,,,,codes/Houston2013/CNN-3D/DSH/32/all.npz,
Houston2013,CNN-3D,DSH,64,cls,yes,,,,codes/Houston2013/CNN-3D/DSH/64/cls.npz,
Houston2013,CNN-3D,DSH,64,all,yes,,,,codes/Houston2013/CNN-3D/DSH/64/all.npz,
Houston2013,CNN-3D,GreedyHash,16,cls,yes,,,,codes/Houston2013/CNN-3D/GreedyHash/16/cls.npz,
Houston2013,CNN-3D,GreedyHash,16,all,yes,,,,codes/Houston2013/CNN-3D/GreedyHash/16/all.npz,
Houston2013,CNN-3D,GreedyHash,32,cls,yes,,,,codes/Houston2013/CNN-3D/GreedyHash/32/cls.npz,
Houston2013,CNN-3D,GreedyHash,32,all,yes,,,,codes/Houston2013/CNN-3D/GreedyHash/32/all.npz,
Houston2013,CNN-3D,GreedyHash,64,cls,yes,,,,codes/Houston2013/CNN-3D/GreedyHash/64/cls.npz,
Houston2013,CNN-3D,GreedyHash,64,all,yes,,,,codes/Houston2013/CNN-3D/GreedyHash/64/all.npz,
Houston2013,CNN-3D,HashNet,16,cls,yes,,,,codes/Houston2013/CNN-3D/HashNet/16/cls.npz,
Houston2013,CNN-3D,HashNet,16,all,yes,,,,codes/Houston2013/CNN-3D/HashNet/16/all.npz,
Houston2013,CNN-3D,HashNet,32,cls,yes,,,,codes/Houston2013/CNN-3D/HashNet/32/cls.npz,
Houston2013,CNN-3D,HashNet,32,all,yes,,,,codes/Houston2013/CNN-3D/HashNet/32/all.npz,
Houston2013,CNN-3D,HashNet,64,cls,yes,,,,codes/Houston2013/CNN-3D/HashNet/64/cls.npz,
Houston2013,CNN-3D,HashNet,64,all,yes,,,,codes/Houston2013/CNN-3D/HashNet/64/all.npz,
Houston2013,CNN-3D,IDHN,16,cls,yes,,,,codes/Houston2013/CNN-3D/IDHN/16/cls.npz,
Houston2013,CNN-3D,IDHN,16,all,yes,,,,codes/Houston2013/CNN-3D/IDHN/16/all.npz,
Houston2013,CNN-3D,IDHN,32,cls,yes,,,,codes/Houston2013/CNN-3D/IDHN/32/cls.npz,
Houston2013,CNN-3D,IDHN,32,all,yes,,,,codes/Houston2013/CNN-3D/IDHN/32/all.npz,
Houston2013,CNN-3D,IDHN,64,cls,yes,,,,codes/Houston2013/CNN-3D/IDHN/64/cls.npz,
Houston2013,CNN-3D,IDHN,64,all,yes,,,,codes/Houston2013/CNN-3D/IDHN/64/all.npz,
Houston2013,CNN-3D,OrthoHash,16,cls,yes,,,,codes/Houston2013/CNN-3D/OrthoHash/16/cls.npz,
Houston2013,CNN-3D,OrthoHash,16,all,yes,,,,codes/Houston2013/CNN-3D/OrthoHash/16/all.npz,
Houston2013,CNN-3D,OrthoHash,32,cls,yes,,,,codes/Houston2013/CNN-3D/OrthoHash/32/cls.npz,
Houston2013,CNN-3D,OrthoHash,32,all,yes,,,,codes/Houston2013/CNN-3D/OrthoHash/32/all.npz,
Houston2013,CNN-3D,OrthoHash,64,cls,yes,,,,codes/Houston2013/CNN-3D/OrthoHash/64/cls.npz,
Houston2013,CNN-3D,OrthoHash,64,all,yes,,,,codes/Houston2013/CNN-3D/OrthoHash/64/all.npz,
Houston2013,CNN-3D,DSPCH,16,cls,yes,,,,codes/Houston2013/CNN-3D/DSPCH/16/cls.npz,
Houston2013,CNN-3D,DSPCH,16,all,yes,,,,codes/Houston2013/CNN-3D/DSPCH/16/all.npz,
Houston2013,CNN-3D,DSPCH,32,cls,yes,,,,codes/Houston2013/CNN-3D/DSPCH/32/cls.npz,
Houston2013,CNN-3D,DSPCH,32,all,yes,,,,codes/Houston2013/CNN-3D/DSPCH/32/all.npz,
Houston2013,CNN-3D,DSPCH,64,cls,yes,,,,codes/Houston2013/CNN-3D/DSPCH/64/cls.npz,
Houston2013,CNN-3D,DSPCH,64,all,yes,,,,codes/Houston2013/CNN-3D/DSPCH/64/all.npz,
Houston2013,CNN-3D,DHNN,16,cls,yes,,,,codes/Houston2013/CNN-3D/DHNN/16/cls.npz,
Houston2013,CNN-3D,DHNN,16,all,yes,,,,codes/Houston2013/CNN-3D/DHNN/16/all.npz,
Houston2013,CNN-3D,DHNN,32,cls,yes,,,,codes/Houston2013/CNN-3D/DHNN/32/cls.npz,
Houston2013,CNN-3D,DHNN,32,all,yes,,,,codes/Houston2013/CNN-3D/DHNN/32/all.npz,
Houston2013,CNN-3D,DHNN,64,cls,yes,,,,codes/Houston2013/CNN-3D/DHNN/64/cls.npz,
Houston2013,CNN-3D,DHNN,64,all,yes,,,,codes/Houston2013/CNN-3D/DHNN/64/all.npz,
Houston2013,HybridSN,CSQ,16,cls,yes,,,,codes/Houston2013/HybridSN/CSQ/16/cls.npz,
Houston2013,HybridSN,CSQ,16,all,yes,,,,codes/Houston2013/HybridSN/CSQ/16/all.npz,
Houston2013,HybridSN,CSQ,32,cls,yes,,,,codes/Houston2013/HybridSN/CSQ/32/cls.npz,
Houston2013,HybridSN,CSQ,32,all,yes,,,,codes/Houston2013/HybridSN/CSQ/32/all.npz,
Houston2013,HybridSN,CSQ,64,cls,yes,,,,codes/Houston2013/HybridSN/CSQ/64/cls.npz,
Houston2013,HybridSN,CSQ,64,all,yes,,,,codes/Houston2013/HybridSN/CSQ/64/all.npz,
Houston2013,HybridSN,DPN,16,cls,yes,,,,codes/Houston2013/HybridSN/DPN/16/cls.npz,
Houston2013,HybridSN,DPN,16,all,yes,,,,codes/Houston2013/HybridSN/DPN/16/all.npz,
Houston2013,HybridSN,DPN,32,cls,yes,,,,codes/Houston2013/HybridSN/DPN/32/cls.npz,
Houston2013,HybridSN,DPN,32,all,yes,,,,codes/Houston2013/HybridSN/DPN/32/all.npz,
Houston2013,HybridSN,DPN,64,cls,yes,,,,codes/Houston2013/HybridSN/DPN/64/cls.npz,
Houston2013,HybridSN,DPN,64,all,yes,,,,codes/Houston2013/HybridSN/DPN/64/all.npz,
Houston2013,HybridSN,DSH,16,cls,yes,,,,codes/Houston2013/HybridSN/DSH/16/cls.npz,
Houston2013,HybridSN,DSH,16,all,yes,,,,codes/Houston2013/HybridSN/DSH/16/all.npz,
Houston2013,HybridSN,DSH,32,cls,yes,,,,codes/Houston2013/HybridSN/DSH/32/cls.npz,
Houston2013,HybridSN,DSH,32,all,yes,,,,codes/Houston2013/HybridSN/DSH/32/all.npz,
Houston2013,HybridSN,DSH,64,cls,yes,,,,codes/Houston2013/HybridSN/DSH/64/cls.npz,
Houston2013,HybridSN,DSH,64,all,yes,,,,codes/Houston2013/HybridSN/DSH/64/all.npz,
Houston2013,HybridSN,GreedyHash,16,cls,yes,,,,codes/Houston2013/HybridSN/GreedyHash/16/cls.npz,
Houston2013,HybridSN,GreedyHash,16,all,yes,,,,codes/Houston2013/HybridSN/GreedyHash/16/all.npz,
Houston2013,HybridSN,GreedyHash,32,cls,yes,,,,codes/Houston2013/HybridSN/GreedyHash/32/cls.npz,
Houston2013,HybridSN,GreedyHash,32,all,yes,,,,codes/Houston2013/HybridSN/GreedyHash/32/all.npz,
Houston2013,HybridSN,GreedyHash,64,cls,yes,,,,codes/Houston2013/HybridSN/GreedyHash/64/cls.npz,
Houston2013,HybridSN,GreedyHash,64,all,yes,,,,codes/Houston2013/HybridSN/GreedyHash/64/all.npz,
Houston2013,HybridSN,HashNet,16,cls,yes,,,,codes/Houston2013/HybridSN/HashNet/16/cls.npz,
Houston2013,HybridSN,HashNet,16,all,yes,,,,codes/Houston2013/HybridSN/HashNet/16/all.npz,
Houston2013,HybridSN,HashNet,32,cls,yes,,,,codes/Houston2013/HybridSN/HashNet/32/cls.npz,
Houston2013,HybridSN,HashNet,32,all,yes,,,,codes/Houston2013/HybridSN/HashNet/32/all.npz,
Houston2013,HybridSN,HashNet,64,cls,yes,,,,codes/Houston2013/HybridSN/HashNet/64/cls.npz,
Houston2013,HybridSN,HashNet,64,all,yes,,,,codes/Houston2013/HybridSN/HashNet/64/all.npz,
Houston2013,HybridSN,IDHN,16,cls,yes,,,,codes/Houston2013/HybridSN/IDHN/16/cls.npz,
Houston2013,HybridSN,IDHN,16,all,yes,,,,codes/Houston2013/HybridSN/IDHN/16/all.npz,
Houston2013,HybridSN,IDHN,32,cls,yes,,,,codes/Houston2013/HybridSN/IDHN/32/cls.npz,
Houston2013,HybridSN,IDHN,32,all,yes,,,,codes/Houston2013/HybridSN/IDHN/32/all.npz,
Houston2013,HybridSN,IDHN,64,cls,yes,,,,codes/Houston2013/HybridSN/IDHN/64/cls.npz,
Houston2013,HybridSN,IDHN,64,all,yes,,,,codes/Houston2013/HybridSN/IDHN/64/all.npz,
Houston2013,HybridSN,OrthoHash,16,cls,yes,,,,codes/Houston2013/HybridSN/OrthoHash/16/cls.npz,
Houston2013,HybridSN,OrthoHash,16,all,yes,,,,codes/Houston2013/HybridSN/OrthoHash/16/all.npz,
Houston2013,HybridSN,OrthoHash,32,cls,yes,,,,codes/Houston2013/HybridSN/OrthoHash/32/cls.npz,
Houston2013,HybridSN,OrthoHash,32,all,yes,,,,codes/Houston2013/HybridSN/OrthoHash/32/all.npz,
Houston2013,HybridSN,OrthoHash,64,cls,yes,,,,codes/Houston2013/HybridSN/OrthoHash/64/cls.npz,
Houston2013,HybridSN,OrthoHash,64,all,yes,,,,codes/Houston2013/HybridSN/OrthoHash/64/all.npz,
Houston2013,HybridSN,DSPCH,16,cls,yes,,,,codes/Houston2013/HybridSN/DSPCH/16/cls.npz,
Houston2013,HybridSN,DSPCH,16,all,yes,,,,codes/Houston2013/HybridSN/DSPCH/16/all.npz,
Houston2013,HybridSN,DSPCH,32,cls,yes,,,,codes/Houston2013/HybridSN/DSPCH/32/cls.npz,
Houston2013,HybridSN,DSPCH,32,all,yes,,,,codes/Houston2013/HybridSN/DSPCH/32/all.npz,
Houston2013,HybridSN,DSPCH,64,cls,yes,,,,codes/Houston2013/HybridSN/DSPCH/64/cls.npz,
Houston2013,HybridSN,DSPCH,64,all,yes,,,,codes/Houston2013/HybridSN/DSPCH/64/all.npz,
Houston2013,HybridSN,DHNN,16,cls,yes,,,,codes/Houston2013/HybridSN/DHNN/16/cls.npz,
Houston2013,HybridSN,DHNN,16,all,yes,,,,codes/Houston2013/HybridSN/DHNN/16/all.npz,
Houston2013,HybridSN,DHNN,32,cls,yes,,,,codes/Houston2013/HybridSN/DHNN/32/cls.npz,
Houston2013,HybridSN,DHNN,32,all,yes,,,,codes/Houston2013/HybridSN/DHNN/32/all.npz,
Houston2013,HybridSN,DHNN,64,cls,yes,,,,codes/Houston2013/HybridSN/DHNN/64/cls.npz,
Houston2013,HybridSN,DHNN,64,all,yes,,,,codes/Houston2013/HybridSN/DHNN/64/all.npz,
Houston2013,MorphFormer,CSQ,16,cls,yes,,,,codes/Houston2013/MorphFormer/CSQ/16/cls.npz,
Houston2013,MorphFormer,CSQ,16,all,yes,,,,codes/Houston2013/MorphFormer/CSQ/16/all.npz,
Houston2013,MorphFormer,CSQ,32,cls,yes,,,,codes/Houston2013/MorphFormer/CSQ/32/cls.npz,
Houston2013,MorphFormer,CSQ,32,all,yes,,,,codes/Houston2013/MorphFormer/CSQ/32/all.npz,
Houston2013,MorphFormer,CSQ,64,cls,yes,,,,codes/Houston2013/MorphFormer/CSQ/64/cls.npz,
Houston2013,MorphFormer,CSQ,64,all,yes,,,,codes/Houston2013/MorphFormer/CSQ/64/all.npz,
Houston2013,MorphFormer,DPN,16,cls,yes,,,,codes/Houston2013/MorphFormer/DPN/16/cls.npz,
Houston2013,MorphFormer,DPN,16,all,yes,,,,codes/Houston2013/MorphFormer/DPN/16/all.npz,
Houston2013,MorphFormer,DPN,32,cls,yes,,,,codes/Houston2013/MorphFormer/DPN/32/cls.npz,
Houston2013,MorphFormer,DPN,32,all,yes,,,,codes/Houston2013/MorphFormer/DPN/32/all.npz,
Houston2013,MorphFormer,DPN,64,cls,yes,,,,codes/Houston2013/MorphFormer/DPN/64/cls.npz,
Houston2013,MorphFormer,DPN,64,all,yes,,,,codes/Houston2013/MorphFormer/DPN/64/all.npz,
Houston2013,MorphFormer,DSH,16,cls,yes,,,,codes/Houston2013/MorphFormer/DSH/16/cls.npz,
Houston2013,MorphFormer,DSH,16,all,yes,,,,codes/Houston2013/MorphFormer/DSH/16/all.npz,
Houston2013,MorphFormer,DSH,32,cls,yes,,,,codes/Houston2013/MorphFormer/DSH/32/cls.npz,
Houston2013,MorphFormer,DSH,32,all,yes,,,,codes/Houston2013/MorphFormer/DSH/32/all.npz,
Houston2013,MorphFormer,DSH,64,cls,yes,,,,codes/Houston2013/MorphFormer/DSH/64/cls.npz,
Houston2013,MorphFormer,DSH,64,all,yes,,,,codes/Houston2013/MorphFormer/DSH/64/all.npz,
Houston2013,MorphFormer,GreedyHash,16,cls,yes,,,,codes/Houston2013/MorphFormer/GreedyHash/16/cls.npz,
Houston2013,MorphFormer,GreedyHash,16,all,yes,,,,codes/Houston2013/MorphFormer/GreedyHash/16/all.npz,
Houston2013,MorphFormer,GreedyHash,32,cls,yes,,,,codes/Houston2013/MorphFormer/GreedyHash/32/cls.npz,
Houston2013,MorphFormer,GreedyHash,32,all,yes,,,,codes/Houston2013/MorphFormer/GreedyHash/32/all.npz,
Houston2013,MorphFormer,GreedyHash,64,cls,yes,,,,codes/Houston2013/MorphFormer/GreedyHash/64/cls.npz,
Houston2013,MorphFormer,GreedyHash,64,all,yes,,,,codes/Houston2013/MorphFormer/GreedyHash/64/all.npz,
Houston2013,MorphFormer,HashNet,16,cls,yes,,,,codes/Houston2013/MorphFormer/HashNet/16/cls.npz,
Houston2013,MorphFormer,HashNet,16,all,yes,,,,codes/Houston2013/MorphFormer/HashNet/16/all.npz,
Houston2013,MorphFormer,HashNet,32,cls,yes,,,,codes/Houston2013/MorphFormer/HashNet/32/cls.npz,
Houston2013,MorphFormer,HashNet,32,all,yes,,,,codes/Houston2013/MorphFormer/HashNet/32/all.npz,
Houston2013,MorphFormer,HashNet,64,cls,yes,,,,codes/Houston2013/MorphFormer/HashNet/64/cls.npz,
Houston2013,MorphFormer,HashNet,64,all,yes,,,,codes/Houston2013/MorphFormer/HashNet/64/all.npz,
Houston2013,MorphFormer,IDHN,16,cls,yes,,,,codes/Houston2013/MorphFormer/IDHN/16/cls.npz,
Houston2013,MorphFormer,IDHN,16,all,yes,,,,codes/Houston2013/MorphFormer/IDHN/16/all.npz,
Houston2013,MorphFormer,IDHN,32,cls,yes,,,,codes/Houston2013/MorphFormer/IDHN/32/cls.npz,
Houston2013,MorphFormer,IDHN,32,all,yes,,,,codes/Houston2013/MorphFormer/IDHN/32/all.npz,
Houston2013,MorphFormer,IDHN,64,cls,yes,,,,codes/Houston2013/MorphFormer/IDHN/64/cls.npz,
Houston2013,MorphFormer,IDHN,64,all,yes,,,,codes/Houston2013/MorphFormer/IDHN/64/all.npz,
Houston2013,MorphFormer,OrthoHash,16,cls,yes,,,,codes/Houston2013/MorphFormer/OrthoHash/16/cls.npz,
Houston2013,MorphFormer,OrthoHash,16,all,yes,,,,codes/Houston2013/MorphFormer/OrthoHash/16/all.npz,
Houston2013,MorphFormer,OrthoHash,32,cls,yes,,,,codes/Houston2013/MorphFormer/OrthoHash/32/cls.npz,
Houston2013,MorphFormer,OrthoHash,32,all,yes,,,,codes/Houston2013/MorphFormer/OrthoHash/32/all.npz,
Houston2013,MorphFormer,OrthoHash,64,cls,yes,,,,codes/Houston2013/MorphFormer/OrthoHash/64/cls.npz,
Houston2013,MorphFormer,OrthoHash,64,all,yes,,,,codes/Houston2013/MorphFormer/OrthoHash/64/all.npz,
Houston2013,MorphFormer,DSPCH,16,cls,yes,,,,codes/Houston2013/MorphFormer/DSPCH/16/cls.npz,
Houston2013,MorphFormer,DSPCH,16,all,yes,,,,codes/Houston2013/MorphFormer/DSPCH/16/all.npz,
Houston2013,MorphFormer,DSPCH,32,cls,yes,,,,codes/Houston2013/MorphFormer/DSPCH/32/cls.npz,
Houston2013,MorphFormer,DSPCH,32,all,yes,,,,codes/Houston2013/MorphFormer/DSPCH/32/all.npz,
Houston2013,MorphFormer,DSPCH,64,cls,yes,,,,codes/Houston2013/MorphFormer/DSPCH/64/cls.npz,
Houston2013,MorphFormer,DSPCH,64,all,yes,,,,codes/Houston2013/MorphFormer/DSPCH/64/all.npz,
Houston2013,MorphFormer,DHNN,16,cls,yes,,,,codes/Houston2013/MorphFormer/DHNN/16/cls.npz,
Houston2013,MorphFormer,DHNN,16,all,yes,,,,codes/Houston2013/MorphFormer/DHNN/16/all.npz,
Houston2013,MorphFormer,DHNN,32,cls,yes,,,,codes/Houston2013/MorphFormer/DHNN/32/cls.npz,
Houston2013,MorphFormer,DHNN,32,all,yes,,,,codes/Houston2013/MorphFormer/DHNN/32/all.npz,
Houston2013,MorphFormer,DHNN,64,cls,yes,,,,codes/Houston2013/MorphFormer/DHNN/64/cls.npz,
Houston2013,MorphFormer,DHNN,64,all,yes,,,,codes/Houston2013/MorphFormer/DHNN/64/all.npz,
Houston2013,SpectralFormer,CSQ,16,cls,yes,,,,codes/Houston2013/SpectralFormer/CSQ/16/cls.npz,
Houston2013,SpectralFormer,CSQ,16,all,yes,,,,codes/Houston2013/SpectralFormer/CSQ/16/all.npz,
Houston2013,SpectralFormer,CSQ,32,cls,yes,,,,codes/Houston2013/SpectralFormer/CSQ/32/cls.npz,
Houston2013,SpectralFormer,CSQ,32,all,yes,,,,codes/Houston2013/SpectralFormer/CSQ/32/all.npz,
Houston2013,SpectralFormer,CSQ,64,cls,yes,,,,codes/Houston2013/SpectralFormer/CSQ/64/cls.npz,
Houston2013,SpectralFormer,CSQ,64,all,yes,,,,codes/Houston2013/SpectralFormer/CSQ/64/all.npz,
Houston2013,SpectralFormer,DPN,16,cls,yes,,,,codes/Houston2013/SpectralFormer/DPN/16/cls.npz,
Houston2013,SpectralFormer,DPN,16,all,yes,,,,codes/Houston2013/SpectralFormer/DPN/16/all.npz,
Houston2013,SpectralFormer,DPN,32,cls,yes,,,,codes/Houston2013/SpectralFormer/DPN/32/cls.npz,
Houston2013,SpectralFormer,DPN,32,all,yes,,,,codes/Houston2013/SpectralFormer/DPN/32/all.npz,
Houston2013,SpectralFormer,DPN,64,cls,yes,,,,codes/Houston2013/SpectralFormer/DPN/64/cls.npz,
Houston2013,SpectralFormer,DPN,64,all,yes,,,,codes/Houston2013/SpectralFormer/DPN/64/all.npz,
Houston2013,SpectralFormer,DSH,16,cls,yes,,,,codes/Houston2013/SpectralFormer/DSH/16/cls.npz,
Houston2013,SpectralFormer,DSH,16,all,yes,,,,codes/Houston2013/SpectralFormer/DSH/16/all.npz,
Houston2013,SpectralFormer,DSH,32,cls,yes,,,,codes/Houston2013/SpectralFormer/DSH/32/cls.npz,
Houston2013,SpectralFormer,DSH,32,all,yes,,,,codes/Houston2013/SpectralFormer/DSH/32/all.npz,
Houston2013,SpectralFormer,DSH,64,cls,yes,,,,codes/Houston2013/SpectralFormer/DSH/64/cls.npz,
Houston2013,SpectralFormer,DSH,64,all,yes,,,,codes/Houston2013/SpectralFormer/DSH/64/all.npz,
Houston2013,SpectralFormer,GreedyHash,16,cls,yes,,,,codes/Houston2013/SpectralFormer/GreedyHash/16/cls.npz,
Houston2013,SpectralFormer,GreedyHash,16,all,yes,,,,codes/Houston2013/SpectralFormer/GreedyHash/16/all.npz,
Houston2013,SpectralFormer,GreedyHash,32,cls,yes,,,,codes/Houston2013/SpectralFormer/GreedyHash/32/cls.npz,
Houston2013,SpectralFormer,GreedyHash,32,all,yes,,,,codes/Houston2013/SpectralFormer/GreedyHash/32/all.npz,
Houston2013,SpectralFormer,GreedyHash,64,cls,yes,,,,codes/Houston2013/SpectralFormer/GreedyHash/64/cls.npz,
Houston2013,SpectralFormer,GreedyHash,64,all,yes,,,,codes/Houston2013/SpectralFormer/GreedyHash/64/all.npz,
Houston2013,SpectralFormer,HashNet,16,cls,yes,,,,codes/Houston2013/SpectralFormer/HashNet/16/cls.npz,
Houston2013,SpectralFormer,HashNet,16,all,yes,,,,codes/Houston2013/SpectralFormer/HashNet/16/all.npz,
Houston2013,SpectralFormer,HashNet,32,cls,yes,,,,codes/Houston2013/SpectralFormer/HashNet/32/cls.npz,
Houston2013,SpectralFormer,HashNet,32,all,yes,,,,codes/Houston2013/SpectralFormer/HashNet/32/all.npz,
Houston2013,SpectralFormer,HashNet,64,cls,yes,,,,codes/Houston2013/SpectralFormer/HashNet/64/cls.npz,
Houston2013,SpectralFormer,HashNet,64,all,yes,,,,codes/Houston2013/SpectralFormer/HashNet/64/all.npz,
Houston2013,SpectralFormer,IDHN,16,cls,yes,,,,codes/Houston2013/SpectralFormer/IDHN/16/cls.npz,
Houston2013,SpectralFormer,IDHN,16,all,yes,,,,codes/Houston2013/SpectralFormer/IDHN/16/all.npz,
Houston2013,SpectralFormer,IDHN,32,cls,yes,,,,codes/Houston2013/SpectralFormer/IDHN/32/cls.npz,
Houston2013,SpectralFormer,IDHN,32,all,yes,,,,codes/Houston2013/SpectralFormer/IDHN/32/all.npz,
Houston2013,SpectralFormer,IDHN,64,cls,yes,,,,codes/Houston2013/SpectralFormer/IDHN/64/cls.npz,
Houston2013,SpectralFormer,IDHN,64,all,yes,,,,codes/Houston2013/SpectralFormer/IDHN/64/all.npz,
Houston2013,SpectralFormer,OrthoHash,16,cls,yes,,,,codes/Houston2013/SpectralFormer/OrthoHash/16/cls.npz,
Houston2013,SpectralFormer,OrthoHash,16,all,yes,,,,codes/Houston2013/SpectralFormer/OrthoHash/16/all.npz,
Houston2013,SpectralFormer,OrthoHash,32,cls,yes,,,,codes/Houston2013/SpectralFormer/OrthoHash/32/cls.npz,
Houston2013,SpectralFormer,OrthoHash,32,all,yes,,,,codes/Houston2013/SpectralFormer/OrthoHash/32/all.npz,
Houston2013,SpectralFormer,OrthoHash,64,cls,yes,,,,codes/Houston2013/SpectralFormer/OrthoHash/64/cls.npz,
Houston2013,SpectralFormer,OrthoHash,64,all,yes,,,,codes/Houston2013/SpectralFormer/OrthoHash/64/all.npz,
Houston2013,SpectralFormer,DSPCH,16,cls,yes,,,,codes/Houston2013/SpectralFormer/DSPCH/16/cls.npz,
Houston2013,SpectralFormer,DSPCH,16,all,yes,,,,codes/Houston2013/SpectralFormer/DSPCH/16/all.npz,
Houston2013,SpectralFormer,DSPCH,32,cls,yes,,,,codes/Houston2013/SpectralFormer/DSPCH/32/cls.npz,
Houston2013,SpectralFormer,DSPCH,32,all,yes,,,,codes/Houston2013/SpectralFormer/DSPCH/32/all.npz,
Houston2013,SpectralFormer,DSPCH,64,cls,yes,,,,codes/Houston2013/SpectralFormer/DSPCH/64/cls.npz,
Houston2013,SpectralFormer,DSPCH,64,all,yes,,,,codes/Houston2013/SpectralFormer/DSPCH/64/all.npz,
Houston2013,SpectralFormer,DHNN,16,cls,yes,,,,codes/Houston2013/SpectralFormer/DHNN/16/cls.npz,
Houston2013,SpectralFormer,DHNN,16,all,yes,,,,codes/Houston2013/SpectralFormer/DHNN/16/all.npz,
Houston2013,SpectralFormer,DHNN,32,cls,yes,,,,codes/Houston2013/SpectralFormer/DHNN/32/cls.npz,
Houston2013,SpectralFormer,DHNN,32,all,yes,,,,codes/Houston2013/SpectralFormer/DHNN/32/all.npz,
Houston2013,SpectralFormer,DHNN,64,cls,yes,,,,codes/Houston2013/SpectralFormer/DHNN/64/cls.npz,
Houston2013,SpectralFormer,DHNN,64,all,yes,,,,codes/Houston2013/SpectralFormer/DHNN/64/all.npz,
Houston2018,SSFTT,CSQ,16,cls,yes,,,,codes/Houston2018/SSFTT/CSQ/16/cls.npz,
Houston2018,SSFTT,CSQ,16,all,yes,,,,codes/Houston2018/SSFTT/CSQ/16/all.npz,
Houston2018,SSFTT,CSQ,32,cls,yes,,,,codes/Houston2018/SSFTT/CSQ/32/cls.npz,
Houston2018,SSFTT,CSQ,32,all,yes,,,,codes/Houston2018/SSFTT/CSQ/32/all.npz,
Houston2018,SSFTT,CSQ,64,cls,yes,,,,codes/Houston2018/SSFTT/CSQ/64/cls.npz,
Houston2018,SSFTT,CSQ,64,all,yes,,,,codes/Houston2018/SSFTT/CSQ/64/all.npz,
Houston2018,SSFTT,DPN,16,cls,yes,,,,codes/Houston2018/SSFTT/DPN/16/cls.npz,
Houston2018,SSFTT,DPN,16,all,yes,,,,codes/Houston2018/SSFTT/DPN/16/all.npz,
Houston2018,SSFTT,DPN,32,cls,yes,,,,codes/Houston2018/SSFTT/DPN/32/cls.npz,
Houston2018,SSFTT,DPN,32,all,yes,,,,codes/Houston2018/SSFTT/DPN/32/all.npz,
Houston2018,SSFTT,DPN,64,cls,yes,,,,codes/Houston2018/SSFTT/DPN/64/cls.npz,
Houston2018,SSFTT,DPN,64,all,yes,,,,codes/Houston2018/SSFTT/DPN/64/all.npz,
Houston2018,SSFTT,DSH,16,cls,yes,,,,codes/Houston2018/SSFTT/DSH/16/cls.npz,
Houston2018,SSFTT,DSH,16,all,yes,,,,codes/Houston2018/SSFTT/DSH/16/all.npz,
Houston2018,SSFTT,DSH,32,cls,yes,,,,codes/Houston2018/SSFTT/DSH/32/cls.npz,
Houston2018,SSFTT,DSH,32,all,yes,,,,codes/Houston2018/SSFTT/DSH/32/all.npz,
Houston2018,SSFTT,DSH,64,cls,yes,,,,codes/Houston2018/SSFTT/DSH/64/cls.npz,
Houston2018,SSFTT,DSH,64,all,yes,,,,codes/Houston2018/SSFTT/DSH/64/all.npz,
Houston2018,SSFTT,GreedyHash,16,cls,yes,,,,codes/Houston2018/SSFTT/GreedyHash/16/cls.npz,
Houston2018,SSFTT,GreedyHash,16,all,yes,,,,codes/Houston2018/SSFTT/GreedyHash/16/all.npz,
Houston2018,SSFTT,GreedyHash,32,cls,yes,,,,codes/Houston2018/SSFTT/GreedyHash/32/cls.npz,
Houston2018,SSFTT,GreedyHash,32,all,yes,,,,codes/Houston2018/SSFTT/GreedyHash/32/all.npz,
Houston2018,SSFTT,GreedyHash,64,cls,yes,,,,codes/Houston2018/SSFTT/GreedyHash/64/cls.npz,
Houston2018,SSFTT,GreedyHash,64,all,yes,,,,codes/Houston2018/SSFTT/GreedyHash/64/all.npz,
Houston2018,SSFTT,HashNet,16,cls,yes,,,,codes/Houston2018/SSFTT/HashNet/16/cls.npz,
Houston2018,SSFTT,HashNet,16,all,yes,,,,codes/Houston2018/SSFTT/HashNet/16/all.npz,
Houston2018,SSFTT,HashNet,32,cls,yes,,,,codes/Houston2018/SSFTT/HashNet/32/cls.npz,
Houston2018,SSFTT,HashNet,32,all,yes,,,,codes/Houston2018/SSFTT/HashNet/32/all.npz,
Houston2018,SSFTT,HashNet,64,cls,yes,,,,codes/Houston2018/SSFTT/HashNet/64/cls.npz,
Houston2018,SSFTT,HashNet,64,all,yes,,,,codes/Houston2018/SSFTT/HashNet/64/all.npz,
Houston2018,SSFTT,IDHN,16,cls,yes,,,,codes/Houston2018/SSFTT/IDHN/16/cls.npz,
Houston2018,SSFTT,IDHN,16,all,yes,,,,codes/Houston2018/SSFTT/IDHN/16/all.npz,
Houston2018,SSFTT,IDHN,32,cls,yes,,,,codes/Houston2018/SSFTT/IDHN/32/cls.npz,
Houston2018,SSFTT,IDHN,32,all,yes,,,,codes/Houston2018/SSFTT/IDHN/32/all.npz,
Houston2018,SSFTT,IDHN,64,cls,yes,,,,codes/Houston2018/SSFTT/IDHN/64/cls.npz,
Houston2018,SSFTT,IDHN,64,all,yes,,,,codes/Houston2018/SSFTT/IDHN/64/all.npz,
Houston2018,SSFTT,OrthoHash,16,cls,yes,,,,codes/Houston2018/SSFTT/OrthoHash/16/cls.npz,
Houston2018,SSFTT,OrthoHash,16,all,yes,,,,codes/Houston2018/SSFTT/OrthoHash/16/all.npz,
Houston2018,SSFTT,OrthoHash,32,cls,yes,,,,codes/Houston2018/SSFTT/OrthoHash/32/cls.npz,
Houston2018,SSFTT,OrthoHash,32,all,yes,,,,codes/Houston2018/SSFTT/OrthoHash/32/all.npz,
Houston2018,SSFTT,OrthoHash,64,cls,yes,,,,codes/Houston2018/SSFTT/OrthoHash/64/cls.npz,
Houston2018,SSFTT,OrthoHash,64,all,yes,,,,codes/Houston2018/SSFTT/OrthoHash/64/all.npz,
Houston2018,SSFTT,DSPCH,16,cls,yes,,,,codes/Houston2018/SSFTT/DSPCH/16/cls.npz,
Houston2018,SSFTT,DSPCH,16,all,yes,,,,codes/Houston2018/SSFTT/DSPCH/16/all.npz,
Houston2018,SSFTT,DSPCH,32,cls,yes,,,,codes/Houston2018/SSFTT/DSPCH/32/cls.npz,
Houston2018,SSFTT,DSPCH,32,all,yes,,,,codes/Houston2018/SSFTT/DSPCH/32/all.npz,
Houston2018,SSFTT,DSPCH,64,cls,yes,,,,codes/Houston2018/SSFTT/DSPCH/64/cls.npz,
Houston2018,SSFTT,DSPCH,64,all,yes,,,,codes/Houston2018/SSFTT/DSPCH/64/all.npz,
Houston2018,SSFTT,DHNN,16,cls,yes,,,,codes/Houston2018/SSFTT/DHNN/16/cls.npz,
Houston2018,SSFTT,DHNN,16,all,yes,,,,codes/Houston2018/SSFTT/DHNN/16/all.npz,
Houston2018,SSFTT,DHNN,32,cls,yes,,,,codes/Houston2018/SSFTT/DHNN/32/cls.npz,
Houston2018,SSFTT,DHNN,32,all,yes,,,,codes/Houston2018/SSFTT/DHNN/32/all.npz,
Houston2018,SSFTT,DHNN,64,cls,yes,,,,codes/Houston2018/SSFTT/DHNN/64/cls.npz,
Houston2018,SSFTT,DHNN,64,all,yes,,,,codes/Houston2018/SSFTT/DHNN/64/all.npz,
Houston2018,Mamba,CSQ,16,cls,yes,,,,codes/Houston2018/Mamba/CSQ/16/cls.npz,
Houston2018,Mamba,CSQ,16,all,yes,,,,codes/Houston2018/Mamba/CSQ/16/all.npz,
Houston2018,Mamba,CSQ,32,cls,yes,,,,codes/Houston2018/Mamba/CSQ/32/cls.npz,
Houston2018,Mamba,CSQ,32,all,yes,,,,codes/Houston2018/Mamba/CSQ/32/all.npz,
Houston2018,Mamba,CSQ,64,cls,yes,,,,codes/Houston2018/Mamba/CSQ/64/cls.npz,
Houston2018,Mamba,CSQ,64,all,yes,,,,codes/Houston2018/Mamba/CSQ/64/all.npz,
Houston2018,Mamba,DPN,16,cls,yes,,,,codes/Houston2018/Mamba/DPN/16/cls.npz,
Houston2018,Mamba,DPN,16,all,yes,,,,codes/Houston2018/Mamba/DPN/16/all.npz,
Houston2018,Mamba,DPN,32,cls,yes,,,,codes/Houston2018/Mamba/DPN/32/cls.npz,
Houston2018,Mamba,DPN,32,all,yes,,,,codes/Houston2018/Mamba/DPN/32/all.npz,
Houston2018,Mamba,DPN,64,cls,yes,,,,codes/Houston2018/Mamba/DPN/64/cls.npz,
Houston2018,Mamba,DPN,64,all,yes,,,,codes/Houston2018/Mamba/DPN/64/all.npz,
Houston2018,Mamba,DSH,16,cls,yes,,,,codes/Houston2018/Mamba/DSH/16/cls.npz,
Houston2018,Mamba,DSH,16,all,yes,,,,codes/Houston2018/Mamba/DSH/16/all.npz,
Houston2018,Mamba,DSH,32,cls,yes,,,,codes/Houston2018/Mamba/DSH/32/cls.npz,
Houston2018,Mamba,DSH,32,all,yes,,,,codes/Houston2018/Mamba/DSH/32/all.npz,
Houston2018,Mamba,DSH,64,cls,yes,,,,codes/Houston2018/Mamba/DSH/64/cls.npz,
Houston2018,Mamba,DSH,64,all,yes,,,,codes/Houston2018/Mamba/DSH/64/all.npz,
Houston2018,Mamba,GreedyHash,16,cls,yes,,,,codes/Houston2018/Mamba/GreedyHash/16/cls.npz,
Houston2018,Mamba,GreedyHash,16,all,yes,,,,codes/Houston2018/Mamba/GreedyHash/16/all.npz,
Houston2018,Mamba,GreedyHash,32,cls,yes,,,,codes/Houston2018/Mamba/GreedyHash/32/cls.npz,
Houston2018,Mamba,GreedyHash,32,all,yes,,,,codes/Houston2018/Mamba/GreedyHash/32/all.npz,
Houston2018,Mamba,GreedyHash,64,cls,yes,,,,codes/Houston2018/Mamba/GreedyHash/64/cls.npz,
Houston2018,Mamba,GreedyHash,64,all,yes,,,,codes/Houston2018/Mamba/GreedyHash/64/all.npz,
Houston2018,Mamba,HashNet,16,cls,yes,,,,codes/Houston2018/Mamba/HashNet/16/cls.npz,
Houston2018,Mamba,HashNet,16,all,yes,,,,codes/Houston2018/Mamba/HashNet/16/all.npz,
Houston2018,Mamba,HashNet,32,cls,yes,,,,codes/Houston2018/Mamba/HashNet/32/cls.npz,
Houston2018,Mamba,HashNet,32,all,yes,,,,codes/Houston2018/Mamba/HashNet/32/all.npz,
Houston2018,Mamba,HashNet,64,cls,yes,,,,codes/Houston2018/Mamba/HashNet/64/cls.npz,
Houston2018,Mamba,HashNet,64,all,yes,,,,codes/Houston2018/Mamba/HashNet/64/all.npz,
Houston2018,Mamba,IDHN,16,cls,yes,,,,codes/Houston2018/Mamba/IDHN/16/cls.npz,
Houston2018,Mamba,IDHN,16,all,yes,,,,codes/Houston2018/Mamba/IDHN/16/all.npz,
Houston2018,Mamba,IDHN,32,cls,yes,,,,codes/Houston2018/Mamba/IDHN/32/cls.npz,
Houston2018,Mamba,IDHN,32,all,yes,,,,codes/Houston2018/Mamba/IDHN/32/all.npz,
Houston2018,Mamba,IDHN,64,cls,yes,,,,codes/Houston2018/Mamba/IDHN/64/cls.npz,
Houston2018,Mamba,IDHN,64,all,yes,,,,codes/Houston2018/Mamba/IDHN/64/all.npz,
Houston2018,Mamba,OrthoHash,16,cls,yes,,,,codes/Houston2018/Mamba/OrthoHash/16/cls.npz,
Houston2018,Mamba,OrthoHash,16,all,yes,,,,codes/Houston2018/Mamba/OrthoHash/16/all.npz,
Houston2018,Mamba,OrthoHash,32,cls,yes,,,,codes/Houston2018/Mamba/OrthoHash/32/cls.npz,
Houston2018,Mamba,OrthoHash,32,all,yes,,,,codes/Houston2018/Mamba/OrthoHash/32/all.npz,
Houston2018,Mamba,OrthoHash,64,cls,yes,,,,codes/Houston2018/Mamba/OrthoHash/64/cls.npz,
Houston2018,Mamba,OrthoHash,64,all,yes,,,,codes/Houston2018/Mamba/OrthoHash/64/all.npz,
Houston2018,Mamba,DSPCH,16,cls,yes,,,,codes/Houston2018/Mamba/DSPCH/16/cls.npz,
Houston2018,Mamba,DSPCH,16,all,yes,,,,codes/Houston2018/Mamba/DSPCH/16/all.npz,
Houston2018,Mamba,DSPCH,32,cls,yes,,,,codes/Houston2018/Mamba/DSPCH/32/cls.npz,
Houston2018,Mamba,DSPCH,32,all,yes,,,,codes/Houston2018/Mamba/DSPCH/32/all.npz,
Houston2018,Mamba,DSPCH,64,cls,yes,,,,codes/Houston2018/Mamba/DSPCH/64/cls.npz,
Houston2018,Mamba,DSPCH,64,all,yes,,,,codes/Houston2018/Mamba/DSPCH/64/all.npz,
Houston2018,Mamba,DHNN,16,cls,yes,,,,codes/Houston2018/Mamba/DHNN/16/cls.npz,
Houston2018,Mamba,DHNN,16,all,yes,,,,codes/Houston2018/Mamba/DHNN/16/all.npz,
Houston2018,Mamba,DHNN,32,cls,yes,,,,codes/Houston2018/Mamba/DHNN/32/cls.npz,
Houston2018,Mamba,DHNN,32,all,yes,,,,codes/Houston2018/Mamba/DHNN/32/all.npz,
Houston2018,Mamba,DHNN,64,cls,yes,,,,codes/Houston2018/Mamba/DHNN/64/cls.npz,
Houston2018,Mamba,DHNN,64,all,yes,,,,codes/Houston2018/Mamba/DHNN/64/all.npz,
Houston2018,MoE-Mamba,CSQ,16,cls,yes,,,,codes/Houston2018/MoE-Mamba/CSQ/16/cls.npz,
Houston2018,MoE-Mamba,CSQ,16,all,yes,,,,codes/Houston2018/MoE-Mamba/CSQ/16/all.npz,
Houston2018,MoE-Mamba,CSQ,32,cls,yes,,,,codes/Houston2018/MoE-Mamba/CSQ/32/cls.npz,
Houston2018,MoE-Mamba,CSQ,32,all,yes,,,,codes/Houston2018/MoE-Mamba/CSQ/32/all.npz,
Houston2018,MoE-Mamba,CSQ,64,cls,yes,,,,codes/Houston2018/MoE-Mamba/CSQ/64/cls.npz,
Houston2018,MoE-Mamba,CSQ,64,all,yes,,,,codes/Houston2018/MoE-Mamba/CSQ/64/all.npz,
Houston2018,MoE-Mamba,DPN,16,cls,yes,,,,codes/Houston2018/MoE-Mamba/DPN/16/cls.npz,
Houston2018,MoE-Mamba,DPN,16,all,yes,,,,codes/Houston2018/MoE-Mamba/DPN/16/all.npz,
Houston2018,MoE-Mamba,DPN,32,cls,yes,,,,codes/Houston2018/MoE-Mamba/DPN/32/cls.npz,
Houston2018,MoE-Mamba,DPN,32,all,yes,,,,codes/Houston2018/MoE-Mamba/DPN/32/all.npz,
Houston2018,MoE-Mamba,DPN,64,cls,yes,,,,codes/Houston2018/MoE-Mamba/DPN/64/cls.npz,
Houston2018,MoE-Mamba,DPN,64,all,yes,,,,codes/Houston2018/MoE-Mamba/DPN/64/all.npz,
Houston2018,MoE-Mamba,DSH,16,cls,yes,,,,codes/Houston2018/MoE-Mamba/DSH/16/cls.npz,
Houston2018,MoE-Mamba,DSH,16,all,yes,,,,codes/Houston2018/MoE-Mamba/DSH/16/all.npz,
Houston2018,MoE-Mamba,DSH,32,cls,yes,,,,codes/Houston2018/MoE-Mamba/DSH/32/cls.npz,
Houston2018,MoE-Mamba,DSH,32,all,yes,,,,codes/Houston2018/MoE-Mamba/DSH/32/all.npz,
Houston2018,MoE-Mamba,DSH,64,cls,yes,,,,codes/Houston2018/MoE-Mamba/DSH/64/cls.npz,
Houston2018,MoE-Mamba,DSH,64,all,yes,,,,codes/Houston2018/MoE-Mamba/DSH/64/all.npz,
Houston2018,MoE-Mamba,GreedyHash,16,cls,yes,,,,codes/Houston2018/MoE-Mamba/GreedyHash/16/cls.npz,
Houston2018,MoE-Mamba,GreedyHash,16,all,yes,,,,codes/Houston2018/MoE-Mamba/GreedyHash/16/all.npz,
Houston2018,MoE-Mamba,GreedyHash,32,cls,yes,,,,codes/Houston2018/MoE-Mamba/GreedyHash/32/cls.npz,
Houston2018,MoE-Mamba,GreedyHash,32,all,yes,,,,codes/Houston2018/MoE-Mamba/GreedyHash/32/all.npz,
Houston2018,MoE-Mamba,GreedyHash,64,cls,yes,,,,codes/Houston2018/MoE-Mamba/GreedyHash/64/cls.npz,
Houston2018,MoE-Mamba,GreedyHash,64,all,yes,,,,codes/Houston2018/MoE-Mamba/GreedyHash/64/all.npz,
Houston2018,MoE-Mamba,HashNet,16,cls,yes,,,,codes/Houston2018/MoE-Mamba/HashNet/16/cls.npz,
Houston2018,MoE-Mamba,HashNet,16,all,yes,,,,codes/Houston2018/MoE-Mamba/HashNet/16/all.npz,
Houston2018,MoE-Mamba,HashNet,32,cls,yes,,,,codes/Houston2018/MoE-Mamba/HashNet/32/cls.npz,
Houston2018,MoE-Mamba,HashNet,32,all,yes,,,,codes/Houston2018/MoE-Mamba/HashNet/32/all.npz,
Houston2018,MoE-Mamba,HashNet,64,cls,yes,,,,codes/Houston2018/MoE-Mamba/HashNet/64/cls.npz,
Houston2018,MoE-Mamba,HashNet,64,all,yes,,,,codes/Houston2018/MoE-Mamba/HashNet/64/all.npz,
Houston2018,MoE-Mamba,IDHN,16,cls,yes,,,,codes/Houston2018/MoE-Mamba/IDHN/16/cls.npz,
Houston2018,MoE-Mamba,IDHN,16,all,yes,,,,codes/Houston2018/MoE-Mamba/IDHN/16/all.npz,
Houston2018,MoE-Mamba,IDHN,32,cls,yes,,,,codes/Houston2018/MoE-Mamba/IDHN/32/cls.npz,
Houston2018,MoE-Mamba,IDHN,32,all,yes,,,,codes/Houston2018/MoE-Mamba/IDHN/32/all.npz,
Houston2018,MoE-Mamba,IDHN,64,cls,yes,,,,codes/Houston2018/MoE-Mamba/IDHN/64/cls.npz,
Houston2018,MoE-Mamba,IDHN,64,all,yes,,,,codes/Houston2018/MoE-Mamba/IDHN/64/all.npz,
Houston2018,MoE-Mamba,OrthoHash,16,cls,yes,,,,codes/Houston2018/MoE-Mamba/OrthoHash/16/cls.npz,
Houston2018,MoE-Mamba,OrthoHash,16,all,yes,,,,codes/Houston2018/MoE-Mamba/OrthoHash/16/all.npz,
Houston2018,MoE-Mamba,OrthoHash,32,cls,yes,,,,codes/Houston2018/MoE-Mamba/OrthoHash/32/cls.npz,
Houston2018,MoE-Mamba,OrthoHash,32,all,yes,,,,codes/Houston2018/MoE-Mamba/OrthoHash/32/all.npz,
Houston2018,MoE-Mamba,OrthoHash,64,cls,yes,,,,codes/Houston2018/MoE-Mamba/OrthoHash/64/cls.npz,
Houston2018,MoE-Mamba,OrthoHash,64,all,yes,,,,codes/Houston2018/MoE-Mamba/OrthoHash/64/all.npz,
Houston2018,MoE-Mamba,DSPCH,16,cls,yes,,,,codes/Houston2018/MoE-Mamba/DSPCH/16/cls.npz,
Houston2018,MoE-Mamba,DSPCH,16,all,yes,,,,codes/Houston2018/MoE-Mamba/DSPCH/16/all.npz,
Houston2018,MoE-Mamba,DSPCH,32,cls,yes,,,,codes/Houston2018/MoE-Mamba/DSPCH/32/cls.npz,
Houston2018,MoE-Mamba,DSPCH,32,all,yes,,,,codes/Houston2018/MoE-Mamba/DSPCH/32/all.npz,
Houston2018,MoE-Mamba,DSPCH,64,cls,yes,,,,codes/Houston2018/MoE-Mamba/DSPCH/64/cls.npz,
Houston2018,MoE-Mamba,DSPCH,64,all,yes,,,,codes/Houston2018/MoE-Mamba/DSPCH/64/all.npz,
Houston2018,MoE-Mamba,DHNN,16,cls,yes,,,,codes/Houston2018/MoE-Mamba/DHNN/16/cls.npz,
Houston2018,MoE-Mamba,DHNN,16,all,yes,,,,codes/Houston2018/MoE-Mamba/DHNN/16/all.npz,
Houston2018,MoE-Mamba,DHNN,32,cls,yes,,,,codes/Houston2018/MoE-Mamba/DHNN/32/cls.npz,
Houston2018,MoE-Mamba,DHNN,32,all,yes,,,,codes/Houston2018/MoE-Mamba/DHNN/32/all.npz,
Houston2018,MoE-Mamba,DHNN,64,cls,yes,,,,codes/Houston2018/MoE-Mamba/DHNN/64/cls.npz,
Houston2018,MoE-Mamba,DHNN,64,all,yes,,,,codes/Houston2018/MoE-Mamba/DHNN/64/all.npz,
Houston2018,SSRN,CSQ,16,cls,yes,,,,codes/Houston2018/SSRN/CSQ/16/cls.npz,
Houston2018,SSRN,CSQ,16,all,yes,,,,codes/Houston2018/SSRN/CSQ/16/all.npz,
Houston2018,SSRN,CSQ,32,cls,yes,,,,codes/Houston2018/SSRN/CSQ/32/cls.npz,
Houston2018,SSRN,CSQ,32,all,yes,,,,codes/Houston2018/SSRN/CSQ/32/all.npz,
Houston2018,SSRN,CSQ,64,cls,yes,,,,codes/Houston2018/SSRN/CSQ/64/cls.npz,
Houston2018,SSRN,CSQ,64,all,yes,,,,codes/Houston2018/SSRN/CSQ/64/all.npz,
Houston2018,SSRN,DPN,16,cls,yes,,,,codes/Houston2018/SSRN/DPN/16/cls.npz,
Houston2018,SSRN,DPN,16,all,yes,,,,codes/Houston2018/SSRN/DPN/16/all.npz,
Houston2018,SSRN,DPN,32,cls,yes,,,,codes/Houston2018/SSRN/DPN/32/cls.npz,
Houston2018,SSRN,DPN,32,all,yes,,,,codes/Houston2018/SSRN/DPN/32/all.npz,
Houston2018,SSRN,DPN,64,cls,yes,,,,codes/Houston2018/SSRN/DPN/64/cls.npz,
Houston2018,SSRN,DPN,64,all,yes,,,,codes/Houston2018/SSRN/DPN/64/all.npz,
Houston2018,SSRN,DSH,16,cls,yes,,,,codes/Houston2018/SSRN/DSH/16/cls.npz,
Houston2018,SSRN,DSH,16,all,yes,,,,codes/Houston2018/SSRN/DSH/16/all.npz,
Houston2018,SSRN,DSH,32,cls,yes,,,,codes/Houston2018/SSRN/DSH/32/cls.npz,
Houston2018,SSRN,DSH,32,all,yes,,,,codes/Houston2018/SSRN/DSH/32/all.npz,
Houston2018,SSRN,DSH,64,cls,yes,,,,codes/Houston2018/SSRN/DSH/64/cls.npz,
Houston2018,SSRN,DSH,64,all,yes,,,,codes/Houston2018/SSRN/DSH/64/all.npz,
Houston2018,SSRN,GreedyHash,16,cls,yes,,,,codes/Houston2018/SSRN/GreedyHash/16/cls.npz,
Houston2018,SSRN,GreedyHash,16,all,yes,,,,codes/Houston2018/SSRN/GreedyHash/16/all.npz,
Houston2018,SSRN,GreedyHash,32,cls,yes,,,,codes/Houston2018/SSRN/GreedyHash/32/cls.npz,
Houston2018,SSRN,GreedyHash,32,all,yes,,,,codes/Houston2018/SSRN/GreedyHash/32/all.npz,
Houston2018,SSRN,GreedyHash,64,cls,yes,,,,codes/Houston2018/SSRN/GreedyHash/64/cls.npz,
Houston2018,SSRN,GreedyHash,64,all,yes,,,,codes/Houston2018/SSRN/GreedyHash/64/all.npz,
Houston2018,SSRN,HashNet,16,cls,yes,,,,codes/Houston2018/SSRN/HashNet/16/cls.npz,
Houston2018,SSRN,HashNet,16,all,yes,,,,codes/Houston2018/SSRN/HashNet/16/all.npz,
Houston2018,SSRN,HashNet,32,cls,yes,,,,codes/Houston2018/SSRN/HashNet/32/cls.npz,
Houston2018,SSRN,HashNet,32,all,yes,,,,codes/Houston2018/SSRN/HashNet/32/all.npz,
Houston2018,SSRN,HashNet,64,cls,yes,,,,codes/Houston2018/SSRN/HashNet/64/cls.npz,
Houston2018,SSRN,HashNet,64,all,yes,,,,codes/Houston2018/SSRN/HashNet/64/all.npz,
Houston2018,SSRN,IDHN,16,cls,yes,,,,codes/Houston2018/SSRN/IDHN/16/cls.npz,
Houston2018,SSRN,IDHN,16,all,yes,,,,codes/Houston2018/SSRN/IDHN/16/all.npz,
Houston2018,SSRN,IDHN,32,cls,yes,,,,codes/Houston2018/SSRN/IDHN/32/cls.npz,
Houston2018,SSRN,IDHN,32,all,yes,,,,codes/Houston2018/SSRN/IDHN/32/all.npz,
Houston2018,SSRN,IDHN,64,cls,yes,,,,codes/Houston2018/SSRN/IDHN/64/cls.npz,
Houston2018,SSRN,IDHN,64,all,yes,,,,codes/Houston2018/SSRN/IDHN/64/all.npz,
Houston2018,SSRN,OrthoHash,16,cls,yes,,,,codes/Houston2018/SSRN/OrthoHash/16/cls.npz,
Houston2018,SSRN,OrthoHash,16,all,yes,,,,codes/Houston2018/SSRN/OrthoHash/16/all.npz,
Houston2018,SSRN,OrthoHash,32,cls,yes,,,,codes/Houston2018/SSRN/OrthoHash/32/cls.npz,
Houston2018,SSRN,OrthoHash,32,all,yes,,,,codes/Houston2018/SSRN/OrthoHash/32/all.npz,
Houston2018,SSRN,OrthoHash,64,cls,yes,,,,codes/Houston2018/SSRN/OrthoHash/64/cls.npz,
Houston2018,SSRN,OrthoHash,64,all,yes,,,,codes/Houston2018/SSRN/OrthoHash/64/all.npz,
Houston2018,SSRN,DSPCH,16,cls,yes,,,,codes/Houston2018/SSRN/DSPCH/16/cls.npz,
Houston2018,SSRN,DSPCH,16,all,yes,,,,codes/Houston2018/SSRN/DSPCH/16/all.npz,
Houston2018,SSRN,DSPCH,32,cls,yes,,,,codes/Houston2018/SSRN/DSPCH/32/cls.npz,
Houston2018,SSRN,DSPCH,32,all,yes,,,,codes/Houston2018/SSRN/DSPCH/32/all.npz,
Houston2018,SSRN,DSPCH,64,cls,yes,,,,codes/Houston2018/SSRN/DSPCH/64/cls.npz,
Houston2018,SSRN,DSPCH,64,all,yes,,,,codes/Houston2018/SSRN/DSPCH/64/all.npz,
Houston2018,SSRN,DHNN,16,cls,yes,,,,codes/Houston2018/SSRN/DHNN/16/cls.npz,
Houston2018,SSRN,DHNN,16,all,yes,,,,codes/Houston2018/SSRN/DHNN/16/all.npz,
Houston2018,SSRN,DHNN,32,cls,yes,,,,codes/Houston2018/SSRN/DHNN/32/cls.npz,
Houston2018,SSRN,DHNN,32,all,yes,,,,codes/Houston2018/SSRN/DHNN/32/all.npz,
Houston2018,SSRN,DHNN,64,cls,yes,,,,codes/Houston2018/SSRN/DHNN/64/cls.npz,
Houston2018,SSRN,DHNN,64,all,yes,,,,codes/Houston2018/SSRN/DHNN/64/all.npz,
Houston2018,A2S2KResNet,CSQ,16,cls,yes,,,,codes/Houston2018/A2S2KResNet/CSQ/16/cls.npz,
Houston2018,A2S2KResNet,CSQ,16,all,yes,,,,codes/Houston2018/A2S2KResNet/CSQ/16/all.npz,
Houston2018,A2S2KResNet,CSQ,32,cls,yes,,,,codes/Houston2018/A2S2KResNet/CSQ/32/cls.npz,
Houston2018,A2S2KResNet,CSQ,32,all,yes,,,,codes/Houston2018/A2S2KResNet/CSQ/32/all.npz,
Houston2018,A2S2KResNet,CSQ,64,cls,yes,,,,codes/Houston2018/A2S2KResNet/CSQ/64/cls.npz,
Houston2018,A2S2KResNet,CSQ,64,all,yes,,,,codes/Houston2018/A2S2KResNet/CSQ/64/all.npz,
Houston2018,A2S2KResNet,DPN,16,cls,yes,,,,codes/Houston2018/A2S2KResNet/DPN/16/cls.npz,
Houston2018,A2S2KResNet,DPN,16,all,yes,,,,codes/Houston2018/A2S2KResNet/DPN/16/all.npz,
Houston2018,A2S2KResNet,DPN,32,cls,yes,,,,codes/Houston2018/A2S2KResNet/DPN/32/cls.npz,
Houston2018,A2S2KResNet,DPN,32,all,yes,,,,codes/Houston2018/A2S2KResNet/DPN/32/all.npz,
Houston2018,A2S2KResNet,DPN,64,cls,yes,,,,codes/Houston2018/A2S2KResNet/DPN/64/cls.npz,
Houston2018,A2S2KResNet,DPN,64,all,yes,,,,codes/Houston2018/A2S2KResNet/DPN/64/all.npz,
Houston2018,A2S2KResNet,DSH,16,cls,yes,,,,codes/Houston2018/A2S2KResNet/DSH/16/cls.npz,
Houston2018,A2S2KResNet,DSH,16,all,yes,,,,codes/Houston2018/A2S2KResNet/DSH/16/all.npz,
Houston2018,A2S2KResNet,DSH,32,cls,yes,,,,codes/Houston2018/A2S2KResNet/DSH/32/cls.npz,
Houston2018,A2S2KResNet,DSH,32,all,yes,,,,codes/Houston2018/A2S2KResNet/DSH/32/all.npz,
Houston2018,A2S2KResNet,DSH,64,cls,yes,,,,codes/Houston2018/A2S2KResNet/DSH/64/cls.npz,
Houston2018,A2S2KResNet,DSH,64,all,yes,,,,codes/Houston2018/A2S2KResNet/DSH/64/all.npz,
Houston2018,A2S2KResNet,GreedyHash,16,cls,yes,,,,codes/Houston2018/A2S2KResNet/GreedyHash/16/cls.npz,
Houston2018,A2S2KResNet,GreedyHash,16,all,yes,,,,codes/Houston2018/A2S2KResNet/GreedyHash/16/all.npz,
Houston2018,A2S2KResNet,GreedyHash,32,cls,yes,,,,codes/Houston2018/A2S2KResNet/GreedyHash/32/cls.npz,
Houston2018,A2S2KResNet,GreedyHash,32,all,yes,,,,codes/Houston2018/A2S2KResNet/GreedyHash/32/all.npz,
Houston2018,A2S2KResNet,GreedyHash,64,cls,yes,,,,codes/Houston2018/A2S2KResNet/GreedyHash/64/cls.npz,
Houston2018,A2S2KResNet,GreedyHash,64,all,yes,,,,codes/Houston2018/A2S2KResNet/GreedyHash/64/all.npz,
Houston2018,A2S2KResNet,HashNet,16,cls,yes,,,,codes/Houston2018/A2S2KResNet/HashNet/16/cls.npz,
Houston2018,A2S2KResNet,HashNet,16,all,yes,,,,codes/Houston2018/A2S2KResNet/HashNet/16/all.npz,
Houston2018,A2S2KResNet,HashNet,32,cls,yes,,,,codes/Houston2018/A2S2KResNet/HashNet/32/cls.npz,
Houston2018,A2S2KResNet,HashNet,32,all,yes,,,,codes/Houston2018/A2S2KResNet/HashNet/32/all.npz,
Houston2018,A2S2KResNet,HashNet,64,cls,yes,,,,codes/Houston2018/A2S2KResNet/HashNet/64/cls.npz,
Houston2018,A2S2KResNet,HashNet,64,all,yes,,,,codes/Houston2018/A2S2KResNet/HashNet/64/all.npz,
Houston2018,A2S2KResNet,IDHN,16,cls,yes,,,,codes/Houston2018/A2S2KResNet/IDHN/16/cls.npz,
Houston2018,A2S2KResNet,IDHN,16,all,yes,,,,codes/Houston2018/A2S2KResNet/IDHN/16/all.npz,
Houston2018,A2S2KResNet,IDHN,32,cls,yes,,,,codes/Houston2018/A2S2KResNet/IDHN/32/cls.npz,
Houston2018,A2S2KResNet,IDHN,32,all,yes,,,,codes/Houston2018/A2S2KResNet/IDHN/32/all.npz,
Houston2018,A2S2KResNet,IDHN,64,cls,yes,,,,codes/Houston2018/A2S2KResNet/IDHN/64/cls.npz,
Houston2018,A2S2KResNet,IDHN,64,all,yes,,,,codes/Houston2018/A2S2KResNet/IDHN/64/all.npz,
Houston2018,A2S2KResNet,OrthoHash,16,cls,yes,,,,codes/Houston2018/A2S2KResNet/OrthoHash/16/cls.npz,
Houston2018,A2S2KResNet,OrthoHash,16,all,yes,,,,codes/Houston2018/A2S2KResNet/OrthoHash/16/all.npz,
Houston2018,A2S2KResNet,OrthoHash,32,cls,yes,,,,codes/Houston2018/A2S2KResNet/OrthoHash/32/cls.npz,
Houston2018,A2S2KResNet,OrthoHash,32,all,yes,,,,codes/Houston2018/A2S2KResNet/OrthoHash/32/all.npz,
Houston2018,A2S2KResNet,OrthoHash,64,cls,yes,,,,codes/Houston2018/A2S2KResNet/OrthoHash/64/cls.npz,
Houston2018,A2S2KResNet,OrthoHash,64,all,yes,,,,codes/Houston2018/A2S2KResNet/OrthoHash/64/all.npz,
Houston2018,A2S2KResNet,DSPCH,16,cls,yes,,,,codes/Houston2018/A2S2KResNet/DSPCH/16/cls.npz,
Houston2018,A2S2KResNet,DSPCH,16,all,yes,,,,codes/Houston2018/A2S2KResNet/DSPCH/16/all.npz,
Houston2018,A2S2KResNet,DSPCH,32,cls,yes,,,,codes/Houston2018/A2S2KResNet/DSPCH/32/cls.npz,
Houston2018,A2S2KResNet,DSPCH,32,all,yes,,,,codes/Houston2018/A2S2KResNet/DSPCH/32/all.npz,
Houston2018,A2S2KResNet,DSPCH,64,cls,yes,,,,codes/Houston2018/A2S2KResNet/DSPCH/64/cls.npz,
Houston2018,A2S2KResNet,DSPCH,64,all,yes,,,,codes/Houston2018/A2S2KResNet/DSPCH/64/all.npz,
Houston2018,A2S2KResNet,DHNN,16,cls,yes,,,,codes/Houston2018/A2S2KResNet/DHNN/16/cls.npz,
Houston2018,A2S2KResNet,DHNN,16,all,yes,,,,codes/Houston2018/A2S2KResNet/DHNN/16/all.npz,
Houston2018,A2S2KResNet,DHNN,32,cls,yes,,,,codes/Houston2018/A2S2KResNet/DHNN/32/cls.npz,
Houston2018,A2S2KResNet,DHNN,32,all,yes,,,,codes/Houston2018/A2S2KResNet/DHNN/32/all.npz,
Houston2018,A2S2KResNet,DHNN,64,cls,yes,,,,codes/Houston2018/A2S2KResNet/DHNN/64/cls.npz,
Houston2018,A2S2KResNet,DHNN,64,all,yes,,,,codes/Houston2018/A2S2KResNet/DHNN/64/all.npz,
Houston2018,ContextualNet,CSQ,16,cls,yes,,,,codes/Houston2018/ContextualNet/CSQ/16/cls.npz,
Houston2018,ContextualNet,CSQ,16,all,yes,,,,codes/Houston2018/ContextualNet/CSQ/16/all.npz,
Houston2018,ContextualNet,CSQ,32,cls,yes,,,,codes/Houston2018/ContextualNet/CSQ/32/cls.npz,
Houston2018,ContextualNet,CSQ,32,all,yes,,,,codes/Houston2018/ContextualNet/CSQ/32/all.npz,
Houston2018,ContextualNet,CSQ,64,cls,yes,,,,codes/Houston2018/ContextualNet/CSQ/64/cls.npz,
Houston2018,ContextualNet,CSQ,64,all,yes,,,,codes/Houston2018/ContextualNet/CSQ/64/all.npz,
Houston2018,ContextualNet,DPN,16,cls,yes,,,,codes/Houston2018/ContextualNet/DPN/16/cls.npz,
Houston2018,ContextualNet,DPN,16,all,yes,,,,codes/Houston2018/ContextualNet/DPN/16/all.npz,
Houston2018,ContextualNet,DPN,32,cls,yes,,,,codes/Houston2018/ContextualNet/DPN/32/cls.npz,
Houston2018,ContextualNet,DPN,32,all,yes,,,,codes/Houston2018/ContextualNet/DPN/32/all.npz,
Houston2018,ContextualNet,DPN,64,cls,yes,,,,codes/Houston2018/ContextualNet/DPN/64/cls.npz,
Houston2018,ContextualNet,DPN,64,all,yes,,,,codes/Houston2018/ContextualNet/DPN/64/all.npz,
Houston2018,ContextualNet,DSH,16,cls,yes,,,,codes/Houston2018/ContextualNet/DSH/16/cls.npz,
Houston2018,ContextualNet,DSH,16,all,yes,,,,codes/Houston2018/ContextualNet/DSH/16/all.npz,
Houston2018,ContextualNet,DSH,32,cls,yes,,,,codes/Houston2018/ContextualNet/DSH/32/cls.npz,
Houston2018,ContextualNet,DSH,32,all,yes,,,,codes/Houston2018/ContextualNet/DSH/32/all.npz,
Houston2018,ContextualNet,DSH,64,cls,yes,,,,codes/Houston2018/ContextualNet/DSH/64/cls.npz,
Houston2018,ContextualNet,DSH,64,all,yes,,,,codes/Houston2018/ContextualNet/DSH/64/all.npz,
Houston2018,ContextualNet,GreedyHash,16,cls,yes,,,,codes/Houston2018/ContextualNet/GreedyHash/16/cls.npz,
Houston2018,ContextualNet,GreedyHash,16,all,yes,,,,codes/Houston2018/ContextualNet/GreedyHash/16/all.npz,
Houston2018,ContextualNet,GreedyHash,32,cls,yes,,,,codes/Houston2018/ContextualNet/GreedyHash/32/cls.npz,
Houston2018,ContextualNet,GreedyHash,32,all,yes,,,,codes/Houston2018/ContextualNet/GreedyHash/32/all.npz,
Houston2018,ContextualNet,GreedyHash,64,cls,yes,,,,codes/Houston2018/ContextualNet/GreedyHash/64/cls.npz,
Houston2018,ContextualNet,GreedyHash,64,all,yes,,,,codes/Houston2018/ContextualNet/GreedyHash/64/all.npz,
Houston2018,ContextualNet,HashNet,16,cls,yes,,,,codes/Houston2018/ContextualNet/HashNet/16/cls.npz,
Houston2018,ContextualNet,HashNet,16,all,yes,,,,codes/Houston2018/ContextualNet/HashNet/16/all.npz,
Houston2018,ContextualNet,HashNet,32,cls,yes,,,,codes/Houston2018/ContextualNet/HashNet/32/cls.npz,
Houston2018,ContextualNet,HashNet,32,all,yes,,,,codes/Houston2018/ContextualNet/HashNet/32/all.npz,
Houston2018,ContextualNet,HashNet,64,cls,yes,,,,codes/Houston2018/ContextualNet/HashNet/64/cls.npz,
Houston2018,ContextualNet,HashNet,64,all,yes,,,,codes/Houston2018/ContextualNet/HashNet/64/all.npz,
Houston2018,ContextualNet,IDHN,16,cls,yes,,,,codes/Houston2018/ContextualNet/IDHN/16/cls.npz,
Houston2018,ContextualNet,IDHN,16,all,yes,,,,codes/Houston2018/ContextualNet/IDHN/16/all.npz,
Houston2018,ContextualNet,IDHN,32,cls,yes,,,,codes/Houston2018/ContextualNet/IDHN/32/cls.npz,
Houston2018,ContextualNet,IDHN,32,all,yes,,,,codes/Houston2018/ContextualNet/IDHN/32/all.npz,
Houston2018,ContextualNet,IDHN,64,cls,yes,,,,codes/Houston2018/ContextualNet/IDHN/64/cls.npz,
Houston2018,ContextualNet,IDHN,64,all,yes,,,,codes/Houston2018/ContextualNet/IDHN/64/all.npz,
Houston2018,ContextualNet,OrthoHash,16,cls,yes,,,,codes/Houston2018/ContextualNet/OrthoHash/16/cls.npz,
Houston2018,ContextualNet,OrthoHash,16,all,yes,,,,codes/Houston2018/ContextualNet/OrthoHash/16/all.npz,
Houston2018,ContextualNet,OrthoHash,32,cls,yes,,,,codes/Houston2018/ContextualNet/OrthoHash/32/cls.npz,
Houston2018,ContextualNet,OrthoHash,32,all,yes,,,,codes/Houston2018/ContextualNet/OrthoHash/32/all.npz,
Houston2018,ContextualNet,OrthoHash,64,cls,yes,,,,codes/Houston2018/ContextualNet/OrthoHash/64/cls.npz,
Houston2018,ContextualNet,OrthoHash,64,all,yes,,,,codes/Houston2018/ContextualNet/OrthoHash/64/all.npz,
Houston2018,ContextualNet,DSPCH,16,cls,yes,,,,codes/Houston2018/ContextualNet/DSPCH/16/cls.npz,
Houston2018,ContextualNet,DSPCH,16,all,yes,,,,codes/Houston2018/ContextualNet/DSPCH/16/all.npz,
Houston2018,ContextualNet,DSPCH,32,cls,yes,,,,codes/Houston2018/ContextualNet/DSPCH/32/cls.npz,
Houston2018,ContextualNet,DSPCH,32,all,yes,,,,codes/Houston2018/ContextualNet/DSPCH/32/all.npz,
Houston2018,ContextualNet,DSPCH,64,cls,yes,,,,codes/Houston2018/ContextualNet/DSPCH/64/cls.npz,
Houston2018,ContextualNet,DSPCH,64,all,yes,,,,codes/Houston2018/ContextualNet/DSPCH/64/all.npz,
Houston2018,ContextualNet,DHNN,16,cls,yes,,,,codes/Houston2018/ContextualNet/DHNN/16/cls.npz,
Houston2018,ContextualNet,DHNN,16,all,yes,,,,codes/Houston2018/ContextualNet/DHNN/16/all.npz,
Houston2018,ContextualNet,DHNN,32,cls,yes,,,,codes/Houston2018/ContextualNet/DHNN/32/cls.npz,
Houston2018,ContextualNet,DHNN,32,all,yes,,,,codes/Houston2018/ContextualNet/DHNN/32/all.npz,
Houston2018,ContextualNet,DHNN,64,cls,yes,,,,codes/Houston2018/ContextualNet/DHNN/64/cls.npz,
Houston2018,ContextualNet,DHNN,64,all,yes,,,,codes/Houston2018/ContextualNet/DHNN/64/all.npz,
Houston2018,CNN-2D,CSQ,16,cls,yes,,,,codes/Houston2018/CNN-2D/CSQ/16/cls.npz,
Houston2018,CNN-2D,CSQ,16,all,yes,,,,codes/Houston2018/CNN-2D/CSQ/16/all.npz,
Houston2018,CNN-2D,CSQ,32,cls,yes,,,,codes/Houston2018/CNN-2D/CSQ/32/cls.npz,
Houston2018,CNN-2D,CSQ,32,all,yes,,,,codes/Houston2018/CNN-2D/CSQ/32/all.npz,
Houston2018,CNN-2D,CSQ,64,cls,yes,,,,codes/Houston2018/CNN-2D/CSQ/64/cls.npz,
Houston2018,CNN-2D,CSQ,64,all,yes,,,,codes/Houston2018/CNN-2D/CSQ/64/all.npz,
Houston2018,CNN-2D,DPN,16,cls,yes,,,,codes/Houston2018/CNN-2D/DPN/16/cls.npz,
Houston2018,CNN-2D,DPN,16,all,yes,,,,codes/Houston2018/CNN-2D/DPN/16/all.npz,
Houston2018,CNN-2D,DPN,32,cls,yes,,,,codes/Houston2018/CNN-2D/DPN/32/cls.npz,
Houston2018,CNN-2D,DPN,32,all,yes,,,,codes/Houston2018/CNN-2D/DPN/32/all.npz,
Houston2018,CNN-2D,DPN,64,cls,yes,,,,codes/Houston2018/CNN-2D/DPN/64/cls.npz,
Houston2018,CNN-2D,DPN,64,all,yes,,,,codes/Houston2018/CNN-2D/DPN/64/all.npz,
Houston2018,CNN-2D,DSH,16,cls,yes,,,,codes/Houston2018/CNN-2D/DSH/16/cls.npz,
Houston2018,CNN-2D,DSH,16,all,yes,,,,codes/Houston2018/CNN-2D/DSH/16/all.npz,
Houston2018,CNN-2D,DSH,32,cls,yes,,,,codes/Houston2018/CNN-2D/DSH/32/cls.npz,
Houston2018,CNN-2D,DSH,32,all,yes,,,,codes/Houston2018/CNN-2D/DSH/32/all.npz,
Houston2018,CNN-2D,DSH,64,cls,yes,,,,codes/Houston2018/CNN-2D/DSH/64/cls.npz,
Houston2018,CNN-2D,DSH,64,all,yes,,,,codes/Houston2018/CNN-2D/DSH/64/all.npz,
Houston2018,CNN-2D,GreedyHash,16,cls,yes,,,,codes/Houston2018/CNN-2D/GreedyHash/16/cls.npz,
Houston2018,CNN-2D,GreedyHash,16,all,yes,,,,codes/Houston2018/CNN-2D/GreedyHash/16/all.npz,
Houston2018,CNN-2D,GreedyHash,32,cls,yes,,,,codes/Houston2018/CNN-2D/GreedyHash/32/cls.npz,
Houston2018,CNN-2D,GreedyHash,32,all,yes,,,,codes/Houston2018/CNN-2D/GreedyHash/32/all.npz,
Houston2018,CNN-2D,GreedyHash,64,cls,yes,,,,codes/Houston2018/CNN-2D/GreedyHash/64/cls.npz,
Houston2018,CNN-2D,GreedyHash,64,all,yes,,,,codes/Houston2018/CNN-2D/GreedyHash/64/all.npz,
Houston2018,CNN-2D,HashNet,16,cls,yes,,,,codes/Houston2018/CNN-2D/HashNet/16/cls.npz,
Houston2018,CNN-2D,HashNet,16,all,yes,,,,codes/Houston2018/CNN-2D/HashNet/16/all.npz,
Houston2018,CNN-2D,HashNet,32,cls,yes,,,,codes/Houston2018/CNN-2D/HashNet/32/cls.npz,
Houston2018,CNN-2D,HashNet,32,all,yes,,,,codes/Houston2018/CNN-2D/HashNet/32/all.npz,
Houston2018,CNN-2D,HashNet,64,cls,yes,,,,codes/Houston2018/CNN-2D/HashNet/64/cls.npz,
Houston2018,CNN-2D,HashNet,64,all,yes,,,,codes/Houston2018/CNN-2D/HashNet/64/all.npz,
Houston2018,CNN-2D,IDHN,16,cls,yes,,,,codes/Houston2018/CNN-2D/IDHN/16/cls.npz,
Houston2018,CNN-2D,IDHN,16,all,yes,,,,codes/Houston2018/CNN-2D/IDHN/16/all.npz,
Houston2018,CNN-2D,IDHN,32,cls,yes,,,,codes/Houston2018/CNN-2D/IDHN/32/cls.npz,
Houston2018,CNN-2D,IDHN,32,all,yes,,,,codes/Houston2018/CNN-2D/IDHN/32/all.npz,
Houston2018,CNN-2D,IDHN,64,cls,yes,,,,codes/Houston2018/CNN-2D/IDHN/64/cls.npz,
Houston2018,CNN-2D,IDHN,64,all,yes,,,,codes/Houston2018/CNN-2D/IDHN/64/all.npz,
Houston2018,CNN-2D,OrthoHash,16,cls,yes,,,,codes/Houston2018/CNN-2D/OrthoHash/16/cls.npz,
Houston2018,CNN-2D,OrthoHash,16,all,yes,,,,codes/Houston2018/CNN-2D/OrthoHash/16/all.npz,
Houston2018,CNN-2D,OrthoHash,32,cls,yes,,,,codes/Houston2018/CNN-2D/OrthoHash/32/cls.npz,
Houston2018,CNN-2D,OrthoHash,32,all,yes,,,,codes/Houston2018/CNN-2D/OrthoHash/32/all.npz,
Houston2018,CNN-2D,OrthoHash,64,cls,yes,,,,codes/Houston2018/CNN-2D/OrthoHash/64/cls.npz,
Houston2018,CNN-2D,OrthoHash,64,all,yes,,,,codes/Houston2018/CNN-2D/OrthoHash/64/all.npz,
Houston2018,CNN-2D,DSPCH,16,cls,yes,,,,codes/Houston2018/CNN-2D/DSPCH/16/cls.npz,
Houston2018,CNN-2D,DSPCH,16,all,yes,,,,codes/Houston2018/CNN-2D/DSPCH/16/all.npz,
Houston2018,CNN-2D,DSPCH,32,cls,yes,,,,codes/Houston2018/CNN-2D/DSPCH/32/cls.npz,
Houston2018,CNN-2D,DSPCH,32,all,yes,,,,codes/Houston2018/CNN-2D/DSPCH/32/all.npz,
Houston2018,CNN-2D,DSPCH,64,cls,yes,,,,codes/Houston2018/CNN-2D/DSPCH/64/cls.npz,
Houston2018,CNN-2D,DSPCH,64,all,yes,,,,codes/Houston2018/CNN-2D/DSPCH/64/all.npz,
Houston2018,CNN-2D,DHNN,16,cls,yes,,,,codes/Houston2018/CNN-2D/DHNN/16/cls.npz,
Houston2018,CNN-2D,DHNN,16,all,yes,,,,codes/Houston2018/CNN-2D/DHNN/16/all.npz,
Houston2018,CNN-2D,DHNN,32,cls,yes,,,,codes/Houston2018/CNN-2D/DHNN/32/cls.npz,
Houston2018,CNN-2D,DHNN,32,all,yes,,,,codes/Houston2018/CNN-2D/DHNN/32/all.npz,
Houston2018,CNN-2D,DHNN,64,cls,yes,,,,codes/Houston2018/CNN-2D/DHNN/64/cls.npz,
Houston2018,CNN-2D,DHNN,64,all,yes,,,,codes/Houston2018/CNN-2D/DHNN/64/all.npz,
Houston2018,CNN-3D,CSQ,16,cls,yes,,,,codes/Houston2018/CNN-3D/CSQ/16/cls.npz,
Houston2018,CNN-3D,CSQ,16,all,yes,,,,codes/Houston2018/CNN-3D/CSQ/16/all.npz,
Houston2018,CNN-3D,CSQ,32,cls,yes,,,,codes/Houston2018/CNN-3D/CSQ/32/cls.npz,
Houston2018,CNN-3D,CSQ,32,all,yes,,,,codes/Houston2018/CNN-3D/CSQ/32/all.npz,
Houston2018,CNN-3D,CSQ,64,cls,yes,,,,codes/Houston2018/CNN-3D/CSQ/64/cls.npz,
Houston2018,CNN-3D,CSQ,64,all,yes,,,,codes/Houston2018/CNN-3D/CSQ/64/all.npz,
Houston2018,CNN-3D,DPN,16,cls,yes,,,,codes/Houston2018/CNN-3D/DPN/16/cls.npz,
Houston2018,CNN-3D,DPN,16,all,yes,,,,codes/Houston2018/CNN-3D/DPN/16/all.npz,
Houston2018,CNN-3D,DPN,32,cls,yes,,,,codes/Houston2018/CNN-3D/DPN/32/cls.npz,
Houston2018,CNN-3D,DPN,32,all,yes,,,,codes/Houston2018/CNN-3D/DPN/32/all.npz,
Houston2018,CNN-3D,DPN,64,cls,yes,,,,codes/Houston2018/CNN-3D/DPN/64/cls.npz,
Houston2018,CNN-3D,DPN,64,all,yes,,,,codes/Houston2018/CNN-3D/DPN/64/all.npz,
Houston2018,CNN-3D,DSH,16,cls,yes,,,,codes/Houston2018/CNN-3D/DSH/16/cls.npz,
Houston2018,CNN-3D,DSH,16,all,yes,,,,codes/Houston2018/CNN-3D/DSH/16/all.npz,
Houston2018,CNN-3D,DSH,32,cls,yes,,,,codes/Houston2018/CNN-3D/DSH/32/cls.npz,
Houston2018,CNN-3D,DSH,32,all,yes,,,,codes/Houston2018/CNN-3D/DSH/32/all.npz,
Houston2018,CNN-3D,DSH,64,cls,yes,,,,codes/Houston2018/CNN-3D/DSH/64/cls.npz,
Houston2018,CNN-3D,DSH,64,all,yes,,,,codes/Houston2018/CNN-3D/DSH/64/all.npz,
Houston2018,CNN-3D,GreedyHash,16,cls,yes,,,,codes/Houston2018/CNN-3D/GreedyHash/16/cls.npz,
Houston2018,CNN-3D,GreedyHash,16,all,yes,,,,codes/Houston2018/CNN-3D/GreedyHash/16/all.npz,
Houston2018,CNN-3D,GreedyHash,32,cls,yes,,,,codes/Houston2018/CNN-3D/GreedyHash/32/cls.npz,
Houston2018,CNN-3D,GreedyHash,32,all,yes,,,,codes/Houston2018/CNN-3D/GreedyHash/32/all.npz,
Houston2018,CNN-3D,GreedyHash,64,cls,yes,,,,codes/Houston2018/CNN-3D/GreedyHash/64/cls.npz,
Houston2018,CNN-3D,GreedyHash,64,all,yes,,,,codes/Houston2018/CNN-3D/GreedyHash/64/all.npz,
Houston2018,CNN-3D,HashNet,16,cls,yes,,,,codes/Houston2018/CNN-3D/HashNet/16/cls.npz,
Houston2018,CNN-3D,HashNet,16,all,yes,,,,codes/Houston2018/CNN-3D/HashNet/16/all.npz,
Houston2018,CNN-3D,HashNet,32,cls,yes,,,,codes/Houston2018/CNN-3D/HashNet/32/cls.npz,
Houston2018,CNN-3D,HashNet,32,all,yes,,,,codes/Houston2018/CNN-3D/HashNet/32/all.npz,
Houston2018,CNN-3D,HashNet,64,cls,yes,,,,codes/Houston2018/CNN-3D/HashNet/64/cls.npz,
Houston2018,CNN-3D,HashNet,64,all,yes,,,,codes/Houston2018/CNN-3D/HashNet/64/all.npz,
Houston2018,CNN-3D,IDHN,16,cls,yes,,,,codes/Houston2018/CNN-3D/IDHN/16/cls.npz,
Houston2018,CNN-3D,IDHN,16,all,yes,,,,codes/Houston2018/CNN-3D/IDHN/16/all.npz,
Houston2018,CNN-3D,IDHN,32,cls,yes,,,,codes/Houston2018/CNN-3D/IDHN/32/cls.npz,
Houston2018,CNN-3D,IDHN,32,all,yes,,,,codes/Houston2018/CNN-3D/IDHN/32/all.npz,
Houston2018,CNN-3D,IDHN,64,cls,yes,,,,codes/Houston2018/CNN-3D/IDHN/64/cls.npz,
Houston2018,CNN-3D,IDHN,64,all,yes,,,,codes/Houston2018/CNN-3D/IDHN/64/all.npz,
Houston2018,CNN-3D,OrthoHash,16,cls,yes,,,,codes/Houston2018/CNN-3D/OrthoHash/16/cls.npz,
Houston2018,CNN-3D,OrthoHash,16,all,yes,,,,codes/Houston2018/CNN-3D/OrthoHash/16/all.npz,
Houston2018,CNN-3D,OrthoHash,32,cls,yes,,,,codes/Houston2018/CNN-3D/OrthoHash/32/cls.npz,
Houston2018,CNN-3D,OrthoHash,32,all,yes,,,,codes/Houston2018/CNN-3D/OrthoHash/32/all.npz,
Houston2018,CNN-3D,OrthoHash,64,cls,yes,,,,codes/Houston2018/CNN-3D/OrthoHash/64/cls.npz,
Houston2018,CNN-3D,OrthoHash,64,all,yes,,,,codes/Houston2018/CNN-3D/OrthoHash/64/all.npz,
Houston2018,CNN-3D,DSPCH,16,cls,yes,,,,codes/Houston2018/CNN-3D/DSPCH/16/cls.npz,
Houston2018,CNN-3D,DSPCH,16,all,yes,,,,codes/Houston2018/CNN-3D/DSPCH/16/all.npz,
Houston2018,CNN-3D,DSPCH,32,cls,yes,,,,codes/Houston2018/CNN-3D/DSPCH/32/cls.npz,
Houston2018,CNN-3D,DSPCH,32,all,yes,,,,codes/Houston2018/CNN-3D/DSPCH/32/all.npz,
Houston2018,CNN-3D,DSPCH,64,cls,yes,,,,codes/Houston2018/CNN-3D/DSPCH/64/cls.npz,
Houston2018,CNN-3D,DSPCH,64,all,yes,,,,codes/Houston2018/CNN-3D/DSPCH/64/all.npz,
Houston2018,CNN-3D,DHNN,16,cls,yes,,,,codes/Houston2018/CNN-3D/DHNN/16/cls.npz,
Houston2018,CNN-3D,DHNN,16,all,yes,,,,codes/Houston2018/CNN-3D/DHNN/16/all.npz,
Houston2018,CNN-3D,DHNN,32,cls,yes,,,,codes/Houston2018/CNN-3D/DHNN/32/cls.npz,
Houston2018,CNN-3D,DHNN,32,all,yes,,,,codes/Houston2018/CNN-3D/DHNN/32/all.npz,
Houston2018,CNN-3D,DHNN,64,cls,yes,,,,codes/Houston2018/CNN-3D/DHNN/64/cls.npz,
Houston2018,CNN-3D,DHNN,64,all,yes,,,,codes/Houston2018/CNN-3D/DHNN/64/all.npz,
Houston2018,HybridSN,CSQ,16,cls,yes,,,,codes/Houston2018/HybridSN/CSQ/16/cls.npz,
Houston2018,HybridSN,CSQ,16,all,yes,,,,codes/Houston2018/HybridSN/CSQ/16/all.npz,
Houston2018,HybridSN,CSQ,32,cls,yes,,,,codes/Houston2018/HybridSN/CSQ/32/cls.npz,
Houston2018,HybridSN,CSQ,32,all,yes,,,,codes/Houston2018/HybridSN/CSQ/32/all.npz,
Houston2018,HybridSN,CSQ,64,cls,yes,,,,codes/Houston2018/HybridSN/CSQ/64/cls.npz,
Houston2018,HybridSN,CSQ,64,all,yes,,,,codes/Houston2018/HybridSN/CSQ/64/all.npz,
Houston2018,HybridSN,DPN,16,cls,yes,,,,codes/Houston2018/HybridSN/DPN/16/cls.npz,
Houston2018,HybridSN,DPN,16,all,yes,,,,codes/Houston2018/HybridSN/DPN/16/all.npz,
Houston2018,HybridSN,DPN,32,cls,yes,,,,codes/Houston2018/HybridSN/DPN/32/cls.npz,
Houston2018,HybridSN,DPN,32,all,yes,,,,codes/Houston2018/HybridSN/DPN/32/all.npz,
Houston2018,HybridSN,DPN,64,cls,yes,,,,codes/Houston2018/HybridSN/DPN/64/cls.npz,
Houston2018,HybridSN,DPN,64,all,yes,,,,codes/Houston2018/HybridSN/DPN/64/all.npz,
Houston2018,HybridSN,DSH,16,cls,yes,,,,codes/Houston2018/HybridSN/DSH/16/cls.npz,
Houston2018,HybridSN,DSH,16,all,yes,,,,codes/Houston2018/HybridSN/DSH/16/all.npz,
Houston2018,HybridSN,DSH,32,cls,yes,,,,codes/Houston2018/HybridSN/DSH/32/cls.npz,
Houston2018,HybridSN,DSH,32,all,yes,,,,codes/Houston2018/HybridSN/DSH/32/all.npz,
Houston2018,HybridSN,DSH,64,cls,yes,,,,codes/Houston2018/HybridSN/DSH/64/cls.npz,
Houston2018,HybridSN,DSH,64,all,yes,,,,codes/Houston2018/HybridSN/DSH/64/all.npz,
Houston2018,HybridSN,GreedyHash,16,cls,yes,,,,codes/Houston2018/HybridSN/GreedyHash/16/cls.npz,
Houston2018,HybridSN,GreedyHash,16,all,yes,,,,codes/Houston2018/HybridSN/GreedyHash/16/all.npz,
Houston2018,HybridSN,GreedyHash,32,cls,yes,,,,codes/Houston2018/HybridSN/GreedyHash/32/cls.npz,
Houston2018,HybridSN,GreedyHash,32,all,yes,,,,codes/Houston2018/HybridSN/GreedyHash/32/all.npz,
Houston2018,HybridSN,GreedyHash,64,cls,yes,,,,codes/Houston2018/HybridSN/GreedyHash/64/cls.npz,
Houston2018,HybridSN,GreedyHash,64,all,yes,,,,codes/Houston2018/HybridSN/GreedyHash/64/all.npz,
Houston2018,HybridSN,HashNet,16,cls,yes,,,,codes/Houston2018/HybridSN/HashNet/16/cls.npz,
Houston2018,HybridSN,HashNet,16,all,yes,,,,codes/Houston2018/HybridSN/HashNet/16/all.npz,
Houston2018,HybridSN,HashNet,32,cls,yes,,,,codes/Houston2018/HybridSN/HashNet/32/cls.npz,
Houston2018,HybridSN,HashNet,32,all,yes,,,,codes/Houston2018/HybridSN/HashNet/32/all.npz,
Houston2018,HybridSN,HashNet,64,cls,yes,,,,codes/Houston2018/HybridSN/HashNet/64/cls.npz,
Houston2018,HybridSN,HashNet,64,all,yes,,,,codes/Houston2018/HybridSN/HashNet/64/all.npz,
Houston2018,HybridSN,IDHN,16,cls,yes,,,,codes/Houston2018/HybridSN/IDHN/16/cls.npz,
Houston2018,HybridSN,IDHN,16,all,yes,,,,codes/Houston2018/HybridSN/IDHN/16/all.npz,
Houston2018,HybridSN,IDHN,32,cls,yes,,,,codes/Houston2018/HybridSN/IDHN/32/cls.npz,
Houston2018,HybridSN,IDHN,32,all,yes,,,,codes/Houston2018/HybridSN/IDHN/32/all.npz,
Houston2018,HybridSN,IDHN,64,cls,yes,,,,codes/Houston2018/HybridSN/IDHN/64/cls.npz,
Houston2018,HybridSN,IDHN,64,all,yes,,,,codes/Houston2018/HybridSN/IDHN/64/all.npz,
Houston2018,HybridSN,OrthoHash,16,cls,yes,,,,codes/Houston2018/HybridSN/OrthoHash/16/cls.npz,
Houston2018,HybridSN,OrthoHash,16,all,yes,,,,codes/Houston2018/HybridSN/OrthoHash/16/all.npz,
Houston2018,HybridSN,OrthoHash,32,cls,yes,,,,codes/Houston2018/HybridSN/OrthoHash/32/cls.npz,
Houston2018,HybridSN,OrthoHash,32,all,yes,,,,codes/Houston2018/HybridSN/OrthoHash/32/all.npz,
Houston2018,HybridSN,OrthoHash,64,cls,yes,,,,codes/Houston2018/HybridSN/OrthoHash/64/cls.npz,
Houston2018,HybridSN,OrthoHash,64,all,yes,,,,codes/Houston2018/HybridSN/OrthoHash/64/all.npz,
Houston2018,HybridSN,DSPCH,16,cls,yes,,,,codes/Houston2018/HybridSN/DSPCH/16/cls.npz,
Houston2018,HybridSN,DSPCH,16,all,yes,,,,codes/Houston2018/HybridSN/DSPCH/16/all.npz,
Houston2018,HybridSN,DSPCH,32,cls,yes,,,,codes/Houston2018/HybridSN/DSPCH/32/cls.npz,
Houston2018,HybridSN,DSPCH,32,all,yes,,,,codes/Houston2018/HybridSN/DSPCH/32/all.npz,
Houston2018,HybridSN,DSPCH,64,cls,yes,,,,codes/Houston2018/HybridSN/DSPCH/64/cls.npz,
Houston2018,HybridSN,DSPCH,64,all,yes,,,,codes/Houston2018/HybridSN/DSPCH/64/all.npz,
Houston2018,HybridSN,DHNN,16,cls,yes,,,,codes/Houston2018/HybridSN/DHNN/16/cls.npz,
Houston2018,HybridSN,DHNN,16,all,yes,,,,codes/Houston2018/HybridSN/DHNN/16/all.npz,
Houston2018,HybridSN,DHNN,32,cls,yes,,,,codes/Houston2018/HybridSN/DHNN/32/cls.npz,
Houston2018,HybridSN,DHNN,32,all,yes,,,,codes/Houston2018/HybridSN/DHNN/32/all.npz,
Houston2018,HybridSN,DHNN,64,cls,yes,,,,codes/Houston2018/HybridSN/DHNN/64/cls.npz,
Houston2018,HybridSN,DHNN,64,all,yes,,,,codes/Houston2018/HybridSN/DHNN/64/all.npz,
Houston2018,MorphFormer,CSQ,16,cls,yes,,,,codes/Houston2018/MorphFormer/CSQ/16/cls.npz,
Houston2018,MorphFormer,CSQ,16,all,yes,,,,codes/Houston2018/MorphFormer/CSQ/16/all.npz,
Houston2018,MorphFormer,CSQ,32,cls,yes,,,,codes/Houston2018/MorphFormer/CSQ/32/cls.npz,
Houston2018,MorphFormer,CSQ,32,all,yes,,,,codes/Houston2018/MorphFormer/CSQ/32/all.npz,
Houston2018,MorphFormer,CSQ,64,cls,yes,,,,codes/Houston2018/MorphFormer/CSQ/64/cls.npz,
Houston2018,MorphFormer,CSQ,64,all,yes,,,,codes/Houston2018/MorphFormer/CSQ/64/all.npz,
Houston2018,MorphFormer,DPN,16,cls,yes,,,,codes/Houston2018/MorphFormer/DPN/16/cls.npz,
Houston2018,MorphFormer,DPN,16,all,yes,,,,codes/Houston2018/MorphFormer/DPN/16/all.npz,
Houston2018,MorphFormer,DPN,32,cls,yes,,,,codes/Houston2018/MorphFormer/DPN/32/cls.npz,
Houston2018,MorphFormer,DPN,32,all,yes,,,,codes/Houston2018/MorphFormer/DPN/32/all.npz,
Houston2018,MorphFormer,DPN,64,cls,yes,,,,codes/Houston2018/MorphFormer/DPN/64/cls.npz,
Houston2018,MorphFormer,DPN,64,all,yes,,,,codes/Houston2018/MorphFormer/DPN/64/all.npz,
Houston2018,MorphFormer,DSH,16,cls,yes,,,,codes/Houston2018/MorphFormer/DSH/16/cls.npz,
Houston2018,MorphFormer,DSH,16,all,yes,,,,codes/Houston2018/MorphFormer/DSH/16/all.npz,
Houston2018,MorphFormer,DSH,32,cls,yes,,,,codes/Houston2018/MorphFormer/DSH/32/cls.npz,
Houston2018,MorphFormer,DSH,32,all,yes,,,,codes/Houston2018/MorphFormer/DSH/32/all.npz,
Houston2018,MorphFormer,DSH,64,cls,yes,,,,codes/Houston2018/MorphFormer/DSH/64/cls.npz,
Houston2018,MorphFormer,DSH,64,all,yes,,,,codes/Houston2018/MorphFormer/DSH/64/all.npz,
Houston2018,MorphFormer,GreedyHash,16,cls,yes,,,,codes/Houston2018/MorphFormer/GreedyHash/16/cls.npz,
Houston2018,MorphFormer,GreedyHash,16,all,yes,,,,codes/Houston2018/MorphFormer/GreedyHash/16/all.npz,
Houston2018,MorphFormer,GreedyHash,32,cls,yes,,,,codes/Houston2018/MorphFormer/GreedyHash/32/cls.npz,
Houston2018,MorphFormer,GreedyHash,32,all,yes,,,,codes/Houston2018/MorphFormer/GreedyHash/32/all.npz,
Houston2018,MorphFormer,GreedyHash,64,cls,yes,,,,codes/Houston2018/MorphFormer/GreedyHash/64/cls.npz,
Houston2018,MorphFormer,GreedyHash,64,all,yes,,,,codes/Houston2018/MorphFormer/GreedyHash/64/all.npz,
Houston2018,MorphFormer,HashNet,16,cls,yes,,,,codes/Houston2018/MorphFormer/HashNet/16/cls.npz,
Houston2018,MorphFormer,HashNet,16,all,yes,,,,codes/Houston2018/MorphFormer/HashNet/16/all.npz,
Houston2018,MorphFormer,HashNet,32,cls,yes,,,,codes/Houston2018/MorphFormer/HashNet/32/cls.npz,
Houston2018,MorphFormer,HashNet,32,all,yes,,,,codes/Houston2018/MorphFormer/HashNet/32/all.npz,
Houston2018,MorphFormer,HashNet,64,cls,yes,,,,codes/Houston2018/MorphFormer/HashNet/64/cls.npz,
Houston2018,MorphFormer,HashNet,64,all,yes,,,,codes/Houston2018/MorphFormer/HashNet/64/all.npz,
Houston2018,MorphFormer,IDHN,16,cls,yes,,,,codes/Houston2018/MorphFormer/IDHN/16/cls.npz,
Houston2018,MorphFormer,IDHN,16,all,yes,,,,codes/Houston2018/MorphFormer/IDHN/16/all.npz,
Houston2018,MorphFormer,IDHN,32,cls,yes,,,,codes/Houston2018/MorphFormer/IDHN/32/cls.npz,
Houston2018,MorphFormer,IDHN,32,all,yes,,,,codes/Houston2018/MorphFormer/IDHN/32/all.npz,
Houston2018,MorphFormer,IDHN,64,cls,yes,,,,codes/Houston2018/MorphFormer/IDHN/64/cls.npz,
Houston2018,MorphFormer,IDHN,64,all,yes,,,,codes/Houston2018/MorphFormer/IDHN/64/all.npz,
Houston2018,MorphFormer,OrthoHash,16,cls,yes,,,,codes/Houston2018/MorphFormer/OrthoHash/16/cls.npz,
Houston2018,MorphFormer,OrthoHash,16,all,yes,,,,codes/Houston2018/MorphFormer/OrthoHash/16/all.npz,
Houston2018,MorphFormer,OrthoHash,32,cls,yes,,,,codes/Houston2018/MorphFormer/OrthoHash/32/cls.npz,
Houston2018,MorphFormer,OrthoHash,32,all,yes,,,,codes/Houston2018/MorphFormer/OrthoHash/32/all.npz,
Houston2018,MorphFormer,OrthoHash,64,cls,yes,,,,codes/Houston2018/MorphFormer/OrthoHash/64/cls.npz,
Houston2018,MorphFormer,OrthoHash,64,all,yes,,,,codes/Houston2018/MorphFormer/OrthoHash/64/all.npz,
Houston2018,MorphFormer,DSPCH,16,cls,yes,,,,codes/Houston2018/MorphFormer/DSPCH/16/cls.npz,
Houston2018,MorphFormer,DSPCH,16,all,yes,,,,codes/Houston2018/MorphFormer/DSPCH/16/all.npz,
Houston2018,MorphFormer,DSPCH,32,cls,yes,,,,codes/Houston2018/MorphFormer/DSPCH/32/cls.npz,
Houston2018,MorphFormer,DSPCH,32,all,yes,,,,codes/Houston2018/MorphFormer/DSPCH/32/all.npz,
Houston2018,MorphFormer,DSPCH,64,cls,yes,,,,codes/Houston2018/MorphFormer/DSPCH/64/cls.npz,
Houston2018,MorphFormer,DSPCH,64,all,yes,,,,codes/Houston2018/MorphFormer/DSPCH/64/all.npz,
Houston2018,MorphFormer,DHNN,16,cls,yes,,,,codes/Houston2018/MorphFormer/DHNN/16/cls.npz,
Houston2018,MorphFormer,DHNN,16,all,yes,,,,codes/Houston2018/MorphFormer/DHNN/16/all.npz,
Houston2018,MorphFormer,DHNN,32,cls,yes,,,,codes/Houston2018/MorphFormer/DHNN/32/cls.npz,
Houston2018,MorphFormer,DHNN,32,all,yes,,,,codes/Houston2018/MorphFormer/DHNN/32/all.npz,
Houston2018,MorphFormer,DHNN,64,cls,yes,,,,codes/Houston2018/MorphFormer/DHNN/64/cls.npz,
Houston2018,MorphFormer,DHNN,64,all,yes,,,,codes/Houston2018/MorphFormer/DHNN/64/all.npz,
Houston2018,SpectralFormer,CSQ,16,cls,yes,,,,codes/Houston2018/SpectralFormer/CSQ/16/cls.npz,
Houston2018,SpectralFormer,CSQ,16,all,yes,,,,codes/Houston2018/SpectralFormer/CSQ/16/all.npz,
Houston2018,SpectralFormer,CSQ,32,cls,yes,,,,codes/Houston2018/SpectralFormer/CSQ/32/cls.npz,
Houston2018,SpectralFormer,CSQ,32,all,yes,,,,codes/Houston2018/SpectralFormer/CSQ/32/all.npz,
Houston2018,SpectralFormer,CSQ,64,cls,yes,,,,codes/Houston2018/SpectralFormer/CSQ/64/cls.npz,
Houston2018,SpectralFormer,CSQ,64,all,yes,,,,codes/Houston2018/SpectralFormer/CSQ/64/all.npz,
Houston2018,SpectralFormer,DPN,16,cls,yes,,,,codes/Houston2018/SpectralFormer/DPN/16/cls.npz,
Houston2018,SpectralFormer,DPN,16,all,yes,,,,codes/Houston2018/SpectralFormer/DPN/16/all.npz,
Houston2018,SpectralFormer,DPN,32,cls,yes,,,,codes/Houston2018/SpectralFormer/DPN/32/cls.npz,
Houston2018,SpectralFormer,DPN,32,all,yes,,,,codes/Houston2018/SpectralFormer/DPN/32/all.npz,
Houston2018,SpectralFormer,DPN,64,cls,yes,,,,codes/Houston2018/SpectralFormer/DPN/64/cls.npz,
Houston2018,SpectralFormer,DPN,64,all,yes,,,,codes/Houston2018/SpectralFormer/DPN/64/all.npz,
Houston2018,SpectralFormer,DSH,16,cls,yes,,,,codes/Houston2018/SpectralFormer/DSH/16/cls.npz,
Houston2018,SpectralFormer,DSH,16,all,yes,,,,codes/Houston2018/SpectralFormer/DSH/16/all.npz,
Houston2018,SpectralFormer,DSH,32,cls,yes,,,,codes/Houston2018/SpectralFormer/DSH/32/cls.npz,
Houston2018,SpectralFormer,DSH,32,all,yes,,,,codes/Houston2018/SpectralFormer/DSH/32/all.npz,
Houston2018,SpectralFormer,DSH,64,cls,yes,,,,codes/Houston2018/SpectralFormer/DSH/64/cls.npz,
Houston2018,SpectralFormer,DSH,64,all,yes,,,,codes/Houston2018/SpectralFormer/DSH/64/all.npz,
Houston2018,SpectralFormer,GreedyHash,16,cls,yes,,,,codes/Houston2018/SpectralFormer/GreedyHash/16/cls.npz,
Houston2018,SpectralFormer,GreedyHash,16,all,yes,,,,codes/Houston2018/SpectralFormer/GreedyHash/16/all.npz,
Houston2018,SpectralFormer,GreedyHash,32,cls,yes,,,,codes/Houston2018/SpectralFormer/GreedyHash/32/cls.npz,
Houston2018,SpectralFormer,GreedyHash,32,all,yes,,,,codes/Houston2018/SpectralFormer/GreedyHash/32/all.npz,
Houston2018,SpectralFormer,GreedyHash,64,cls,yes,,,,codes/Houston2018/SpectralFormer/GreedyHash/64/cls.npz,
Houston2018,SpectralFormer,GreedyHash,64,all,yes,,,,codes/Houston2018/SpectralFormer/GreedyHash/64/all.npz,
Houston2018,SpectralFormer,HashNet,16,cls,yes,,,,codes/Houston2018/SpectralFormer/HashNet/16/cls.npz,
Houston2018,SpectralFormer,HashNet,16,all,yes,,,,codes/Houston2018/SpectralFormer/HashNet/16/all.npz,
Houston2018,SpectralFormer,HashNet,32,cls,yes,,,,codes/Houston2018/SpectralFormer/HashNet/32/cls.npz,
Houston2018,SpectralFormer,HashNet,32,all,yes,,,,codes/Houston2018/SpectralFormer/HashNet/32/all.npz,
Houston2018,SpectralFormer,HashNet,64,cls,yes,,,,codes/Houston2018/SpectralFormer/HashNet/64/cls.npz,
Houston2018,SpectralFormer,HashNet,64,all,yes,,,,codes/Houston2018/SpectralFormer/HashNet/64/all.npz,
Houston2018,SpectralFormer,IDHN,16,cls,yes,,,,codes/Houston2018/SpectralFormer/IDHN/16/cls.npz,
Houston2018,SpectralFormer,IDHN,16,all,yes,,,,codes/Houston2018/SpectralFormer/IDHN/16/all.npz,
Houston2018,SpectralFormer,IDHN,32,cls,yes,,,,codes/Houston2018/SpectralFormer/IDHN/32/cls.npz,
Houston2018,SpectralFormer,IDHN,32,all,yes,,,,codes/Houston2018/SpectralFormer/IDHN/32/all.npz,
Houston2018,SpectralFormer,IDHN,64,cls,yes,,,,codes/Houston2018/SpectralFormer/IDHN/64/cls.npz,
Houston2018,SpectralFormer,IDHN,64,all,yes,,,,codes/Houston2018/SpectralFormer/IDHN/64/all.npz,
Houston2018,SpectralFormer,OrthoHash,16,cls,yes,,,,codes/Houston2018/SpectralFormer/OrthoHash/16/cls.npz,
Houston2018,SpectralFormer,OrthoHash,16,all,yes,,,,codes/Houston2018/SpectralFormer/OrthoHash/16/all.npz,
Houston2018,SpectralFormer,OrthoHash,32,cls,yes,,,,codes/Houston2018/SpectralFormer/OrthoHash/32/cls.npz,
Houston2018,SpectralFormer,OrthoHash,32,all,yes,,,,codes/Houston2018/SpectralFormer/OrthoHash/32/all.npz,
Houston2018,SpectralFormer,OrthoHash,64,cls,yes,,,,codes/Houston2018/SpectralFormer/OrthoHash/64/cls.npz,
Houston2018,SpectralFormer,OrthoHash,64,all,yes,,,,codes/Houston2018/SpectralFormer/OrthoHash/64/all.npz,
Houston2018,SpectralFormer,DSPCH,16,cls,yes,,,,codes/Houston2018/SpectralFormer/DSPCH/16/cls.npz,
Houston2018,SpectralFormer,DSPCH,16,all,yes,,,,codes/Houston2018/SpectralFormer/DSPCH/16/all.npz,
Houston2018,SpectralFormer,DSPCH,32,cls,yes,,,,codes/Houston2018/SpectralFormer/DSPCH/32/cls.npz,
Houston2018,SpectralFormer,DSPCH,32,all,yes,,,,codes/Houston2018/SpectralFormer/DSPCH/32/all.npz,
Houston2018,SpectralFormer,DSPCH,64,cls,yes,,,,codes/Houston2018/SpectralFormer/DSPCH/64/cls.npz,
Houston2018,SpectralFormer,DSPCH,64,all,yes,,,,codes/Houston2018/SpectralFormer/DSPCH/64/all.npz,
Houston2018,SpectralFormer,DHNN,16,cls,yes,,,,codes/Houston2018/SpectralFormer/DHNN/16/cls.npz,
Houston2018,SpectralFormer,DHNN,16,all,yes,,,,codes/Houston2018/SpectralFormer/DHNN/16/all.npz,
Houston2018,SpectralFormer,DHNN,32,cls,yes,,,,codes/Houston2018/SpectralFormer/DHNN/32/cls.npz,
Houston2018,SpectralFormer,DHNN,32,all,yes,,,,codes/Houston2018/SpectralFormer/DHNN/32/all.npz,
Houston2018,SpectralFormer,DHNN,64,cls,yes,,,,codes/Houston2018/SpectralFormer/DHNN/64/cls.npz,
Houston2018,SpectralFormer,DHNN,64,all,yes,,,,codes/Houston2018/SpectralFormer/DHNN/64/all.npz,
Trento,SSFTT,CSQ,16,cls,yes,,,,codes/Trento/SSFTT/CSQ/16/cls.npz,
Trento,SSFTT,CSQ,16,all,yes,,,,codes/Trento/SSFTT/CSQ/16/all.npz,
Trento,SSFTT,CSQ,32,cls,yes,,,,codes/Trento/SSFTT/CSQ/32/cls.npz,
Trento,SSFTT,CSQ,32,all,yes,,,,codes/Trento/SSFTT/CSQ/32/all.npz,
Trento,SSFTT,CSQ,64,cls,yes,,,,codes/Trento/SSFTT/CSQ/64/cls.npz,
Trento,SSFTT,CSQ,64,all,yes,,,,codes/Trento/SSFTT/CSQ/64/all.npz,
Trento,SSFTT,DPN,16,cls,yes,,,,codes/Trento/SSFTT/DPN/16/cls.npz,
Trento,SSFTT,DPN,16,all,yes,,,,codes/Trento/SSFTT/DPN/16/all.npz,
Trento,SSFTT,DPN,32,cls,yes,,,,codes/Trento/SSFTT/DPN/32/cls.npz,
Trento,SSFTT,DPN,32,all,yes,,,,codes/Trento/SSFTT/DPN/32/all.npz,
Trento,SSFTT,DPN,64,cls,yes,,,,codes/Trento/SSFTT/DPN/64/cls.npz,
Trento,SSFTT,DPN,64,all,yes,,,,codes/Trento/SSFTT/DPN/64/all.npz,
Trento,SSFTT,DSH,16,cls,yes,,,,codes/Trento/SSFTT/DSH/16/cls.npz,
Trento,SSFTT,DSH,16,all,yes,,,,codes/Trento/SSFTT/DSH/16/all.npz,
Trento,SSFTT,DSH,32,cls,yes,,,,codes/Trento/SSFTT/DSH/32/cls.npz,
Trento,SSFTT,DSH,32,all,yes,,,,codes/Trento/SSFTT/DSH/32/all.npz,
Trento,SSFTT,DSH,64,cls,yes,,,,codes/Trento/SSFTT/DSH/64/cls.npz,
Trento,SSFTT,DSH,64,all,yes,,,,codes/Trento/SSFTT/DSH/64/all.npz,
Trento,SSFTT,GreedyHash,16,cls,yes,,,,codes/Trento/SSFTT/GreedyHash/16/cls.npz,
Trento,SSFTT,GreedyHash,16,all,yes,,,,codes/Trento/SSFTT/GreedyHash/16/all.npz,
Trento,SSFTT,GreedyHash,32,cls,yes,,,,codes/Trento/SSFTT/GreedyHash/32/cls.npz,
Trento,SSFTT,GreedyHash,32,all,yes,,,,codes/Trento/SSFTT/GreedyHash/32/all.npz,
Trento,SSFTT,GreedyHash,64,cls,yes,,,,codes/Trento/SSFTT/GreedyHash/64/cls.npz,
Trento,SSFTT,GreedyHash,64,all,yes,,,,codes/Trento/SSFTT/GreedyHash/64/all.npz,
Trento,SSFTT,HashNet,16,cls,yes,,,,codes/Trento/SSFTT/HashNet/16/cls.npz,
Trento,SSFTT,HashNet,16,all,yes,,,,codes/Trento/SSFTT/HashNet/16/all.npz,
Trento,SSFTT,HashNet,32,cls,yes,,,,codes/Trento/SSFTT/HashNet/32/cls.npz,
Trento,SSFTT,HashNet,32,all,yes,,,,codes/Trento/SSFTT/HashNet/32/all.npz,
Trento,SSFTT,HashNet,64,cls,yes,,,,codes/Trento/SSFTT/HashNet/64/cls.npz,
Trento,SSFTT,HashNet,64,all,yes,,,,codes/Trento/SSFTT/HashNet/64/all.npz,
Trento,SSFTT,IDHN,16,cls,yes,,,,codes/Trento/SSFTT/IDHN/16/cls.npz,
Trento,SSFTT,IDHN,16,all,yes,,,,codes/Trento/SSFTT/IDHN/16/all.npz,
Trento,SSFTT,IDHN,32,cls,yes,,,,codes/Trento/SSFTT/IDHN/32/cls.npz,
Trento,SSFTT,IDHN,32,all,yes,,,,codes/Trento/SSFTT/IDHN/32/all.npz,
Trento,SSFTT,IDHN,64,cls,yes,,,,codes/Trento/SSFTT/IDHN/64/cls.npz,
Trento,SSFTT,IDHN,64,all,yes,,,,codes/Trento/SSFTT/IDHN/64/all.npz,
Trento,SSFTT,OrthoHash,16,cls,yes,,,,codes/Trento/SSFTT/OrthoHash/16/cls.npz,
Trento,SSFTT,OrthoHash,16,all,yes,,,,codes/Trento/SSFTT/OrthoHash/16/all.npz,
Trento,SSFTT,OrthoHash,32,cls,yes,,,,codes/Trento/SSFTT/OrthoHash/32/cls.npz,
Trento,SSFTT,OrthoHash,32,all,yes,,,,codes/Trento/SSFTT/OrthoHash/32/all.npz,
Trento,SSFTT,OrthoHash,64,cls,yes,,,,codes/Trento/SSFTT/OrthoHash/64/cls.npz,
Trento,SSFTT,OrthoHash,64,all,yes,,,,codes/Trento/SSFTT/OrthoHash/64/all.npz,
Trento,SSFTT,DSPCH,16,cls,yes,,,,codes/Trento/SSFTT/DSPCH/16/cls.npz,
Trento,SSFTT,DSPCH,16,all,yes,,,,codes/Trento/SSFTT/DSPCH/16/all.npz,
Trento,SSFTT,DSPCH,32,cls,yes,,,,codes/Trento/SSFTT/DSPCH/32/cls.npz,
Trento,SSFTT,DSPCH,32,all,yes,,,,codes/Trento/SSFTT/DSPCH/32/all.npz,
Trento,SSFTT,DSPCH,64,cls,yes,,,,codes/Trento/SSFTT/DSPCH/64/cls.npz,
Trento,SSFTT,DSPCH,64,all,yes,,,,codes/Trento/SSFTT/DSPCH/64/all.npz,
Trento,SSFTT,DHNN,16,cls,yes,,,,codes/Trento/SSFTT/DHNN/16/cls.npz,
Trento,SSFTT,DHNN,16,all,yes,,,,codes/Trento/SSFTT/DHNN/16/all.npz,
Trento,SSFTT,DHNN,32,cls,yes,,,,codes/Trento/SSFTT/DHNN/32/cls.npz,
Trento,SSFTT,DHNN,32,all,yes,,,,codes/Trento/SSFTT/DHNN/32/all.npz,
Trento,SSFTT,DHNN,64,cls,yes,,,,codes/Trento/SSFTT/DHNN/64/cls.npz,
Trento,SSFTT,DHNN,64,all,yes,,,,codes/Trento/SSFTT/DHNN/64/all.npz,
Trento,Mamba,CSQ,16,cls,yes,,,,codes/Trento/Mamba/CSQ/16/cls.npz,
Trento,Mamba,CSQ,16,all,yes,,,,codes/Trento/Mamba/CSQ/16/all.npz,
Trento,Mamba,CSQ,32,cls,yes,,,,codes/Trento/Mamba/CSQ/32/cls.npz,
Trento,Mamba,CSQ,32,all,yes,,,,codes/Trento/Mamba/CSQ/32/all.npz,
Trento,Mamba,CSQ,64,cls,yes,,,,codes/Trento/Mamba/CSQ/64/cls.npz,
Trento,Mamba,CSQ,64,all,yes,,,,codes/Trento/Mamba/CSQ/64/all.npz,
Trento,Mamba,DPN,16,cls,yes,,,,codes/Trento/Mamba/DPN/16/cls.npz,
Trento,Mamba,DPN,16,all,yes,,,,codes/Trento/Mamba/DPN/16/all.npz,
Trento,Mamba,DPN,32,cls,yes,,,,codes/Trento/Mamba/DPN/32/cls.npz,
Trento,Mamba,DPN,32,all,yes,,,,codes/Trento/Mamba/DPN/32/all.npz,
Trento,Mamba,DPN,64,cls,yes,,,,codes/Trento/Mamba/DPN/64/cls.npz,
Trento,Mamba,DPN,64,all,yes,,,,codes/Trento/Mamba/DPN/64/all.npz,
Trento,Mamba,DSH,16,cls,yes,,,,codes/Trento/Mamba/DSH/16/cls.npz,
Trento,Mamba,DSH,16,all,yes,,,,codes/Trento/Mamba/DSH/16/all.npz,
Trento,Mamba,DSH,32,cls,yes,,,,codes/Trento/Mamba/DSH/32/cls.npz,
Trento,Mamba,DSH,32,all,yes,,,,codes/Trento/Mamba/DSH/32/all.npz,
Trento,Mamba,DSH,64,cls,yes,,,,codes/Trento/Mamba/DSH/64/cls.npz,
Trento,Mamba,DSH,64,all,yes,,,,codes/Trento/Mamba/DSH/64/all.npz,
Trento,Mamba,GreedyHash,16,cls,yes,,,,codes/Trento/Mamba/GreedyHash/16/cls.npz,
Trento,Mamba,GreedyHash,16,all,yes,,,,codes/Trento/Mamba/GreedyHash/16/all.npz,
Trento,Mamba,GreedyHash,32,cls,yes,,,,codes/Trento/Mamba/GreedyHash/32/cls.npz,
Trento,Mamba,GreedyHash,32,all,yes,,,,codes/Trento/Mamba/GreedyHash/32/all.npz,
Trento,Mamba,GreedyHash,64,cls,yes,,,,codes/Trento/Mamba/GreedyHash/64/cls.npz,
Trento,Mamba,GreedyHash,64,all,yes,,,,codes/Trento/Mamba/GreedyHash/64/all.npz,
Trento,Mamba,HashNet,16,cls,yes,,,,codes/Trento/Mamba/HashNet/16/cls.npz,
Trento,Mamba,HashNet,16,all,yes,,,,codes/Trento/Mamba/HashNet/16/all.npz,
Trento,Mamba,HashNet,32,cls,yes,,,,codes/Trento/Mamba/HashNet/32/cls.npz,
Trento,Mamba,HashNet,32,all,yes,,,,codes/Trento/Mamba/HashNet/32/all.npz,
Trento,Mamba,HashNet,64,cls,yes,,,,codes/Trento/Mamba/HashNet/64/cls.npz,
Trento,Mamba,HashNet,64,all,yes,,,,codes/Trento/Mamba/HashNet/64/all.npz,
Trento,Mamba,IDHN,16,cls,yes,,,,codes/Trento/Mamba/IDHN/16/cls.npz,
Trento,Mamba,IDHN,16,all,yes,,,,codes/Trento/Mamba/IDHN/16/all.npz,
Trento,Mamba,IDHN,32,cls,yes,,,,codes/Trento/Mamba/IDHN/32/cls.npz,
Trento,Mamba,IDHN,32,all,yes,,,,codes/Trento/Mamba/IDHN/32/all.npz,
Trento,Mamba,IDHN,64,cls,yes,,,,codes/Trento/Mamba/IDHN/64/cls.npz,
Trento,Mamba,IDHN,64,all,yes,,,,codes/Trento/Mamba/IDHN/64/all.npz,
Trento,Mamba,OrthoHash,16,cls,yes,,,,codes/Trento/Mamba/OrthoHash/16/cls.npz,
Trento,Mamba,OrthoHash,16,all,yes,,,,codes/Trento/Mamba/OrthoHash/16/all.npz,
Trento,Mamba,OrthoHash,32,cls,yes,,,,codes/Trento/Mamba/OrthoHash/32/cls.npz,
Trento,Mamba,OrthoHash,32,all,yes,,,,codes/Trento/Mamba/OrthoHash/32/all.npz,
Trento,Mamba,OrthoHash,64,cls,yes,,,,codes/Trento/Mamba/OrthoHash/64/cls.npz,
Trento,Mamba,OrthoHash,64,all,yes,,,,codes/Trento/Mamba/OrthoHash/64/all.npz,
Trento,Mamba,DSPCH,16,cls,yes,,,,codes/Trento/Mamba/DSPCH/16/cls.npz,
Trento,Mamba,DSPCH,16,all,yes,,,,codes/Trento/Mamba/DSPCH/16/all.npz,
Trento,Mamba,DSPCH,32,cls,yes,,,,codes/Trento/Mamba/DSPCH/32/cls.npz,
Trento,Mamba,DSPCH,32,all,yes,,,,codes/Trento/Mamba/DSPCH/32/all.npz,
Trento,Mamba,DSPCH,64,cls,yes,,,,codes/Trento/Mamba/DSPCH/64/cls.npz,
Trento,Mamba,DSPCH,64,all,yes,,,,codes/Trento/Mamba/DSPCH/64/all.npz,
Trento,Mamba,DHNN,16,cls,yes,,,,codes/Trento/Mamba/DHNN/16/cls.npz,
Trento,Mamba,DHNN,16,all,yes,,,,codes/Trento/Mamba/DHNN/16/all.npz,
Trento,Mamba,DHNN,32,cls,yes,,,,codes/Trento/Mamba/DHNN/32/cls.npz,
Trento,Mamba,DHNN,32,all,yes,,,,codes/Trento/Mamba/DHNN/32/all.npz,
Trento,Mamba,DHNN,64,cls,yes,,,,codes/Trento/Mamba/DHNN/64/cls.npz,
Trento,Mamba,DHNN,64,all,yes,,,,codes/Trento/Mamba/DHNN/64/all.npz,
Trento,MoE-Mamba,CSQ,16,cls,yes,,,,codes/Trento/MoE-Mamba/CSQ/16/cls.npz,
Trento,MoE-Mamba,CSQ,16,all,yes,,,,codes/Trento/MoE-Mamba/CSQ/16/all.npz,
Trento,MoE-Mamba,CSQ,32,cls,yes,,,,codes/Trento/MoE-Mamba/CSQ/32/cls.npz,
Trento,MoE-Mamba,CSQ,32,all,yes,,,,codes/Trento/MoE-Mamba/CSQ/32/all.npz,
Trento,MoE-Mamba,CSQ,64,cls,yes,,,,codes/Trento/MoE-Mamba/CSQ/64/cls.npz,
Trento,MoE-Mamba,CSQ,64,all,yes,,,,codes/Trento/MoE-Mamba/CSQ/64/all.npz,
Trento,MoE-Mamba,DPN,16,cls,yes,,,,codes/Trento/MoE-Mamba/DPN/16/cls.npz,
Trento,MoE-Mamba,DPN,16,all,yes,,,,codes/Trento/MoE-Mamba/DPN/16/all.npz,
Trento,MoE-Mamba,DPN,32,cls,yes,,,,codes/Trento/MoE-Mamba/DPN/32/cls.npz,
Trento,MoE-Mamba,DPN,32,all,yes,,,,codes/Trento/MoE-Mamba/DPN/32/all.npz,
Trento,MoE-Mamba,DPN,64,cls,yes,,,,codes/Trento/MoE-Mamba/DPN/64/cls.npz,
Trento,MoE-Mamba,DPN,64,all,yes,,,,codes/Trento/MoE-Mamba/DPN/64/all.npz,
Trento,MoE-Mamba,DSH,16,cls,yes,,,,codes/Trento/MoE-Mamba/DSH/16/cls.npz,
Trento,MoE-Mamba,DSH,16,all,yes,,,,codes/Trento/MoE-Mamba/DSH/16/all.npz,
Trento,MoE-Mamba,DSH,32,cls,yes,,,,codes/Trento/MoE-Mamba/DSH/32/cls.npz,
Trento,MoE-Mamba,DSH,32,all,yes,,,,codes/Trento/MoE-Mamba/DSH/32/all.npz,
Trento,MoE-Mamba,DSH,64,cls,yes,,,,codes/Trento/MoE-Mamba/DSH/64/cls.npz,
Trento,MoE-Mamba,DSH,64,all,yes,,,,codes/Trento/MoE-Mamba/DSH/64/all.npz,
Trento,MoE-Mamba,GreedyHash,16,cls,yes,,,,codes/Trento/MoE-Mamba/GreedyHash/16/cls.npz,
Trento,MoE-Mamba,GreedyHash,16,all,yes,,,,codes/Trento/MoE-Mamba/GreedyHash/16/all.npz,
Trento,MoE-Mamba,GreedyHash,32,cls,yes,,,,codes/Trento/MoE-Mamba/GreedyHash/32/cls.npz,
Trento,MoE-Mamba,GreedyHash,32,all,yes,,,,codes/Trento/MoE-Mamba/GreedyHash/32/all.npz,
Trento,MoE-Mamba,GreedyHash,64,cls,yes,,,,codes/Trento/MoE-Mamba/GreedyHash/64/cls.npz,
Trento,MoE-Mamba,GreedyHash,64,all,yes,,,,codes/Trento/MoE-Mamba/GreedyHash/64/all.npz,
Trento,MoE-Mamba,HashNet,16,cls,yes,,,,codes/Trento/MoE-Mamba/HashNet/16/cls.npz,
Trento,MoE-Mamba,HashNet,16,all,yes,,,,codes/Trento/MoE-Mamba/HashNet/16/all.npz,
Trento,MoE-Mamba,HashNet,32,cls,yes,,,,codes/Trento/MoE-Mamba/HashNet/32/cls.npz,
Trento,MoE-Mamba,HashNet,32,all,yes,,,,codes/Trento/MoE-Mamba/HashNet/32/all.npz,
Trento,MoE-Mamba,HashNet,64,cls,yes,,,,codes/Trento/MoE-Mamba/HashNet/64/cls.npz,
Trento,MoE-Mamba,HashNet,64,all,yes,,,,codes/Trento/MoE-Mamba/HashNet/64/all.npz,
Trento,MoE-Mamba,IDHN,16,cls,yes,,,,codes/Trento/MoE-Mamba/IDHN/16/cls.npz,
Trento,MoE-Mamba,IDHN,16,all,yes,,,,codes/Trento/MoE-Mamba/IDHN/16/all.npz,
Trento,MoE-Mamba,IDHN,32,cls,yes,,,,codes/Trento/MoE-Mamba/IDHN/32/cls.npz,
Trento,MoE-Mamba,IDHN,32,all,yes,,,,codes/Trento/MoE-Mamba/IDHN/32/all.npz,
Trento,MoE-Mamba,IDHN,64,cls,yes,,,,codes/Trento/MoE-Mamba/IDHN/64/cls.npz,
Trento,MoE-Mamba,IDHN,64,all,yes,,,,codes/Trento/MoE-Mamba/IDHN/64/all.npz,
Trento,MoE-Mamba,OrthoHash,16,cls,yes,,,,codes/Trento/MoE-Mamba/OrthoHash/16/cls.npz,
Trento,MoE-Mamba,OrthoHash,16,all,yes,,,,codes/Trento/MoE-Mamba/OrthoHash/16/all.npz,
Trento,MoE-Mamba,OrthoHash,32,cls,yes,,,,codes/Trento/MoE-Mamba/OrthoHash/32/cls.npz,
Trento,MoE-Mamba,OrthoHash,32,all,yes,,,,codes/Trento/MoE-Mamba/OrthoHash/32/all.npz,
Trento,MoE-Mamba,OrthoHash,64,cls,yes,,,,codes/Trento/MoE-Mamba/OrthoHash/64/cls.npz,
Trento,MoE-Mamba,OrthoHash,64,all,yes,,,,codes/Trento/MoE-Mamba/OrthoHash/64/all.npz,
Trento,MoE-Mamba,DSPCH,16,cls,yes,,,,codes/Trento/MoE-Mamba/DSPCH/16/cls.npz,
Trento,MoE-Mamba,DSPCH,16,all,yes,,,,codes/Trento/MoE-Mamba/DSPCH/16/all.npz,
Trento,MoE-Mamba,DSPCH,32,cls,yes,,,,codes/Trento/MoE-Mamba/DSPCH/32/cls.npz,
Trento,MoE-Mamba,DSPCH,32,all,yes,,,,codes/Trento/MoE-Mamba/DSPCH/32/all.npz,
Trento,MoE-Mamba,DSPCH,64,cls,yes,,,,codes/Trento/MoE-Mamba/DSPCH/64/cls.npz,
Trento,MoE-Mamba,DSPCH,64,all,yes,,,,codes/Trento/MoE-Mamba/DSPCH/64/all.npz,
Trento,MoE-Mamba,DHNN,16,cls,yes,,,,codes/Trento/MoE-Mamba/DHNN/16/cls.npz,
Trento,MoE-Mamba,DHNN,16,all,yes,,,,codes/Trento/MoE-Mamba/DHNN/16/all.npz,
Trento,MoE-Mamba,DHNN,32,cls,yes,,,,codes/Trento/MoE-Mamba/DHNN/32/cls.npz,
Trento,MoE-Mamba,DHNN,32,all,yes,,,,codes/Trento/MoE-Mamba/DHNN/32/all.npz,
Trento,MoE-Mamba,DHNN,64,cls,yes,,,,codes/Trento/MoE-Mamba/DHNN/64/cls.npz,
Trento,MoE-Mamba,DHNN,64,all,yes,,,,codes/Trento/MoE-Mamba/DHNN/64/all.npz,
Trento,SSRN,CSQ,16,cls,yes,,,,codes/Trento/SSRN/CSQ/16/cls.npz,
Trento,SSRN,CSQ,16,all,yes,,,,codes/Trento/SSRN/CSQ/16/all.npz,
Trento,SSRN,CSQ,32,cls,yes,,,,codes/Trento/SSRN/CSQ/32/cls.npz,
Trento,SSRN,CSQ,32,all,yes,,,,codes/Trento/SSRN/CSQ/32/all.npz,
Trento,SSRN,CSQ,64,cls,yes,,,,codes/Trento/SSRN/CSQ/64/cls.npz,
Trento,SSRN,CSQ,64,all,yes,,,,codes/Trento/SSRN/CSQ/64/all.npz,
Trento,SSRN,DPN,16,cls,yes,,,,codes/Trento/SSRN/DPN/16/cls.npz,
Trento,SSRN,DPN,16,all,yes,,,,codes/Trento/SSRN/DPN/16/all.npz,
Trento,SSRN,DPN,32,cls,yes,,,,codes/Trento/SSRN/DPN/32/cls.npz,
Trento,SSRN,DPN,32,all,yes,,,,codes/Trento/SSRN/DPN/32/all.npz,
Trento,SSRN,DPN,64,cls,yes,,,,codes/Trento/SSRN/DPN/64/cls.npz,
Trento,SSRN,DPN,64,all,yes,,,,codes/Trento/SSRN/DPN/64/all.npz,
Trento,SSRN,DSH,16,cls,yes,,,,codes/Trento/SSRN/DSH/16/cls.npz,
Trento,SSRN,DSH,16,all,yes,,,,codes/Trento/SSRN/DSH/16/all.npz,
Trento,SSRN,DSH,32,cls,yes,,,,codes/Trento/SSRN/DSH/32/cls.npz,
Trento,SSRN,DSH,32,all,yes,,,,codes/Trento/SSRN/DSH/32/all.npz,
Trento,SSRN,DSH,64,cls,yes,,,,codes/Trento/SSRN/DSH/64/cls.npz,
Trento,SSRN,DSH,64,all,yes,,,,codes/Trento/SSRN/DSH/64/all.npz,
Trento,SSRN,GreedyHash,16,cls,yes,,,,codes/Trento/SSRN/GreedyHash/16/cls.npz,
Trento,SSRN,GreedyHash,16,all,yes,,,,codes/Trento/SSRN/GreedyHash/16/all.npz,
Trento,SSRN,GreedyHash,32,cls,yes,,,,codes/Trento/SSRN/GreedyHash/32/cls.npz,
Trento,SSRN,GreedyHash,32,all,yes,,,,codes/Trento/SSRN/GreedyHash/32/all.npz,
Trento,SSRN,GreedyHash,64,cls,yes,,,,codes/Trento/SSRN/GreedyHash/64/cls.npz,
Trento,SSRN,GreedyHash,64,all,yes,,,,codes/Trento/SSRN/GreedyHash/64/all.npz,
Trento,SSRN,HashNet,16,cls,yes,,,,codes/Trento/SSRN/HashNet/16/cls.npz,
Trento,SSRN,HashNet,16,all,yes,,,,codes/Trento/SSRN/HashNet/16/all.npz,
Trento,SSRN,HashNet,32,cls,yes,,,,codes/Trento/SSRN/HashNet/32/cls.npz,
Trento,SSRN,HashNet,32,all,yes,,,,codes/Trento/SSRN/HashNet/32/all.npz,
Trento,SSRN,HashNet,64,cls,yes,,,,codes/Trento/SSRN/HashNet/64/cls.npz,
Trento,SSRN,HashNet,64,all,yes,,,,codes/Trento/SSRN/HashNet/64/all.npz,
Trento,SSRN,IDHN,16,cls,yes,,,,codes/Trento/SSRN/IDHN/16/cls.npz,
Trento,SSRN,IDHN,16,all,yes,,,,codes/Trento/SSRN/IDHN/16/all.npz,
Trento,SSRN,IDHN,32,cls,yes,,,,codes/Trento/SSRN/IDHN/32/cls.npz,
Trento,SSRN,IDHN,32,all,yes,,,,codes/Trento/SSRN/IDHN/32/all.npz,
Trento,SSRN,IDHN,64,cls,yes,,,,codes/Trento/SSRN/IDHN/64/cls.npz,
Trento,SSRN,IDHN,64,all,yes,,,,codes/Trento/SSRN/IDHN/64/all.npz,
Trento,SSRN,OrthoHash,16,cls,yes,,,,codes/Trento/SSRN/OrthoHash/16/cls.npz,
Trento,SSRN,OrthoHash,16,all,yes,,,,codes/Trento/SSRN/OrthoHash/16/all.npz,
Trento,SSRN,OrthoHash,32,cls,yes,,,,codes/Trento/SSRN/OrthoHash/32/cls.npz,
Trento,SSRN,OrthoHash,32,all,yes,,,,codes/Trento/SSRN/OrthoHash/32/all.npz,
Trento,SSRN,OrthoHash,64,cls,yes,,,,codes/Trento/SSRN/OrthoHash/64/cls.npz,
Trento,SSRN,OrthoHash,64,all,yes,,,,codes/Trento/SSRN/OrthoHash/64/all.npz,
Trento,SSRN,DSPCH,16,cls,yes,,,,codes/Trento/SSRN/DSPCH/16/cls.npz,
Trento,SSRN,DSPCH,16,all,yes,,,,codes/Trento/SSRN/DSPCH/16/all.npz,
Trento,SSRN,DSPCH,32,cls,yes,,,,codes/Trento/SSRN/DSPCH/32/cls.npz,
Trento,SSRN,DSPCH,32,all,yes,,,,codes/Trento/SSRN/DSPCH/32/all.npz,
Trento,SSRN,DSPCH,64,cls,yes,,,,codes/Trento/SSRN/DSPCH/64/cls.npz,
Trento,SSRN,DSPCH,64,all,yes,,,,codes/Trento/SSRN/DSPCH/64/all.npz,
Trento,SSRN,DHNN,16,cls,yes,,,,codes/Trento/SSRN/DHNN/16/cls.npz,
Trento,SSRN,DHNN,16,all,yes,,,,codes/Trento/SSRN/DHNN/16/all.npz,
Trento,SSRN,DHNN,32,cls,yes,,,,codes/Trento/SSRN/DHNN/32/cls.npz,
Trento,SSRN,DHNN,32,all,yes,,,,codes/Trento/SSRN/DHNN/32/all.npz,
Trento,SSRN,DHNN,64,cls,yes,,,,codes/Trento/SSRN/DHNN/64/cls.npz,
Trento,SSRN,DHNN,64,all,yes,,,,codes/Trento/SSRN/DHNN/64/all.npz,
Trento,A2S2KResNet,CSQ,16,cls,yes,,,,codes/Trento/A2S2KResNet/CSQ/16/cls.npz,
Trento,A2S2KResNet,CSQ,16,all,yes,,,,codes/Trento/A2S2KResNet/CSQ/16/all.npz,
Trento,A2S2KResNet,CSQ,32,cls,yes,,,,codes/Trento/A2S2KResNet/CSQ/32/cls.npz,
Trento,A2S2KResNet,CSQ,32,all,yes,,,,codes/Trento/A2S2KResNet/CSQ/32/all.npz,
Trento,A2S2KResNet,CSQ,64,cls,yes,,,,codes/Trento/A2S2KResNet/CSQ/64/cls.npz,
Trento,A2S2KResNet,CSQ,64,all,yes,,,,codes/Trento/A2S2KResNet/CSQ/64/all.npz,
Trento,A2S2KResNet,DPN,16,cls,yes,,,,codes/Trento/A2S2KResNet/DPN/16/cls.npz,
Trento,A2S2KResNet,DPN,16,all,yes,,,,codes/Trento/A2S2KResNet/DPN/16/all.npz,
Trento,A2S2KResNet,DPN,32,cls,yes,,,,codes/Trento/A2S2KResNet/DPN/32/cls.npz,
Trento,A2S2KResNet,DPN,32,all,yes,,,,codes/Trento/A2S2KResNet/DPN/32/all.npz,
Trento,A2S2KResNet,DPN,64,cls,yes,,,,codes/Trento/A2S2KResNet/DPN/64/cls.npz,
Trento,A2S2KResNet,DPN,64,all,yes,,,,codes/Trento/A2S2KResNet/DPN/64/all.npz,
Trento,A2S2KResNet,DSH,16,cls,yes,,,,codes/Trento/A2S2KResNet/DSH/16/cls.npz,
Trento,A2S2KResNet,DSH,16,all,yes,,,,codes/Trento/A2S2KResNet/DSH/16/all.npz,
Trento,A2S2KResNet,DSH,32,cls,yes,,,,codes/Trento/A2S2KResNet/DSH/32/cls.npz,
Trento,A2S2KResNet,DSH,32,all,yes,,,,codes/Trento/A2S2KResNet/DSH/32/all.npz,
Trento,A2S2KResNet,DSH,64,cls,yes,,,,codes/Trento/A2S2KResNet/DSH/64/cls.npz,
Trento,A2S2KResNet,DSH,64,all,yes,,,,codes/Trento/A2S2KResNet/DSH/64/all.npz,
Trento,A2S2KResNet,GreedyHash,16,cls,yes,,,,codes/Trento/A2S2KResNet/GreedyHash/16/cls.npz,
Trento,A2S2KResNet,GreedyHash,16,all,yes,,,,codes/Trento/A2S2KResNet/GreedyHash/16/all.npz,
Trento,A2S2KResNet,GreedyHash,32,cls,yes,,,,codes/Trento/A2S2KResNet/GreedyHash/32/cls.npz,
Trento,A2S2KResNet,GreedyHash,32,all,yes,,,,codes/Trento/A2S2KResNet/GreedyHash/32/all.npz,
Trento,A2S2KResNet,GreedyHash,64,cls,yes,,,,codes/Trento/A2S2KResNet/GreedyHash/64/cls.npz,
Trento,A2S2KResNet,GreedyHash,64,all,yes,,,,codes/Trento/A2S2KResNet/GreedyHash/64/all.npz,
Trento,A2S2KResNet,HashNet,16,cls,yes,,,,codes/Trento/A2S2KResNet/HashNet/16/cls.npz,
Trento,A2S2KResNet,HashNet,16,all,yes,,,,codes/Trento/A2S2KResNet/HashNet/16/all.npz,
Trento,A2S2KResNet,HashNet,32,cls,yes,,,,codes/Trento/A2S2KResNet/HashNet/32/cls.npz,
Trento,A2S2KResNet,HashNet,32,all,yes,,,,codes/Trento/A2S2KResNet/HashNet/32/all.npz,
Trento,A2S2KResNet,HashNet,64,cls,yes,,,,codes/Trento/A2S2KResNet/HashNet/64/cls.npz,
Trento,A2S2KResNet,HashNet,64,all,yes,,,,codes/Trento/A2S2KResNet/HashNet/64/all.npz,
Trento,A2S2KResNet,IDHN,16,cls,yes,,,,codes/Trento/A2S2KResNet/IDHN/16/cls.npz,
Trento,A2S2KResNet,IDHN,16,all,yes,,,,codes/Trento/A2S2KResNet/IDHN/16/all.npz,
Trento,A2S2KResNet,IDHN,32,cls,yes,,,,codes/Trento/A2S2KResNet/IDHN/32/cls.npz,
Trento,A2S2KResNet,IDHN,32,all,yes,,,,codes/Trento/A2S2KResNet/IDHN/32/all.npz,
Trento,A2S2KResNet,IDHN,64,cls,yes,,,,codes/Trento/A2S2KResNet/IDHN/64/cls.npz,
Trento,A2S2KResNet,IDHN,64,all,yes,,,,codes/Trento/A2S2KResNet/IDHN/64/all.npz,
Trento,A2S2KResNet,OrthoHash,16,cls,yes,,,,codes/Trento/A2S2KResNet/OrthoHash/16/cls.npz,
Trento,A2S2KResNet,OrthoHash,16,all,yes,,,,codes/Trento/A2S2KResNet/OrthoHash/16/all.npz,
Trento,A2S2KResNet,OrthoHash,32,cls,yes,,,,codes/Trento/A2S2KResNet/OrthoHash/32/cls.npz,
Trento,A2S2KResNet,OrthoHash,32,all,yes,,,,codes/Trento/A2S2KResNet/OrthoHash/32/all.npz,
Trento,A2S2KResNet,OrthoHash,64,cls,yes,,,,codes/Trento/A2S2KResNet/OrthoHash/64/cls.npz,
Trento,A2S2KResNet,OrthoHash,64,all,yes,,,,codes/Trento/A2S2KResNet/OrthoHash/64/all.npz,
Trento,A2S2KResNet,DSPCH,16,cls,yes,,,,codes/Trento/A2S2KResNet/DSPCH/16/cls.npz,
Trento,A2S2KResNet,DSPCH,16,all,yes,,,,codes/Trento/A2S2KResNet/DSPCH/16/all.npz,
Trento,A2S2KResNet,DSPCH,32,cls,yes,,,,codes/Trento/A2S2KResNet/DSPCH/32/cls.npz,
Trento,A2S2KResNet,DSPCH,32,all,yes,,,,codes/Trento/A2S2KResNet/DSPCH/32/all.npz,
Trento,A2S2KResNet,DSPCH,64,cls,yes,,,,codes/Trento/A2S2KResNet/DSPCH/64/cls.npz,
Trento,A2S2KResNet,DSPCH,64,all,yes,,,,codes/Trento/A2S2KResNet/DSPCH/64/all.npz,
Trento,A2S2KResNet,DHNN,16,cls,yes,,,,codes/Trento/A2S2KResNet/DHNN/16/cls.npz,
Trento,A2S2KResNet,DHNN,16,all,yes,,,,codes/Trento/A2S2KResNet/DHNN/16/all.npz,
Trento,A2S2KResNet,DHNN,32,cls,yes,,,,codes/Trento/A2S2KResNet/DHNN/32/cls.npz,
Trento,A2S2KResNet,DHNN,32,all,yes,,,,codes/Trento/A2S2KResNet/DHNN/32/all.npz,
Trento,A2S2KResNet,DHNN,64,cls,yes,,,,codes/Trento/A2S2KResNet/DHNN/64/cls.npz,
Trento,A2S2KResNet,DHNN,64,all,yes,,,,codes/Trento/A2S2KResNet/DHNN/64/all.npz,
Trento,ContextualNet,CSQ,16,cls,yes,,,,codes/Trento/ContextualNet/CSQ/16/cls.npz,
Trento,ContextualNet,CSQ,16,all,yes,,,,codes/Trento/ContextualNet/CSQ/16/all.npz,
Trento,ContextualNet,CSQ,32,cls,yes,,,,codes/Trento/ContextualNet/CSQ/32/cls.npz,
Trento,ContextualNet,CSQ,32,all,yes,,,,codes/Trento/ContextualNet/CSQ/32/all.npz,
Trento,ContextualNet,CSQ,64,cls,yes,,,,codes/Trento/ContextualNet/CSQ/64/cls.npz,
Trento,ContextualNet,CSQ,64,all,yes,,,,codes/Trento/ContextualNet/CSQ/64/all.npz,
Trento,ContextualNet,DPN,16,cls,yes,,,,codes/Trento/ContextualNet/DPN/16/cls.npz,
Trento,ContextualNet,DPN,16,all,yes,,,,codes/Trento/ContextualNet/DPN/16/all.npz,
Trento,ContextualNet,DPN,32,cls,yes,,,,codes/Trento/ContextualNet/DPN/32/cls.npz,
Trento,ContextualNet,DPN,32,all,yes,,,,codes/Trento/ContextualNet/DPN/32/all.npz,
Trento,ContextualNet,DPN,64,cls,yes,,,,codes/Trento/ContextualNet/DPN/64/cls.npz,
Trento,ContextualNet,DPN,64,all,yes,,,,codes/Trento/ContextualNet/DPN/64/all.npz,
Trento,ContextualNet,DSH,16,cls,yes,,,,codes/Trento/ContextualNet/DSH/16/cls.npz,
Trento,ContextualNet,DSH,16,all,yes,,,,codes/Trento/ContextualNet/DSH/16/all.npz,
Trento,ContextualNet,DSH,32,cls,yes,,,,codes/Trento/ContextualNet/DSH/32/cls.npz,
Trento,ContextualNet,DSH,32,all,yes,,,,codes/Trento/ContextualNet/DSH/32/all.npz,
Trento,ContextualNet,DSH,64,cls,yes,,,,codes/Trento/ContextualNet/DSH/64/cls.npz,
Trento,ContextualNet,DSH,64,all,yes,,,,codes/Trento/ContextualNet/DSH/64/all.npz,
Trento,ContextualNet,GreedyHash,16,cls,yes,,,,codes/Trento/ContextualNet/GreedyHash/16/cls.npz,
Trento,ContextualNet,GreedyHash,16,all,yes,,,,codes/Trento/ContextualNet/GreedyHash/16/all.npz,
Trento,ContextualNet,GreedyHash,32,cls,yes,,,,codes/Trento/ContextualNet/GreedyHash/32/cls.npz,
Trento,ContextualNet,GreedyHash,32,all,yes,,,,codes/Trento/ContextualNet/GreedyHash/32/all.npz,
Trento,ContextualNet,GreedyHash,64,cls,yes,,,,codes/Trento/ContextualNet/GreedyHash/64/cls.npz,
Trento,ContextualNet,GreedyHash,64,all,yes,,,,codes/Trento/ContextualNet/GreedyHash/64/all.npz,
Trento,ContextualNet,HashNet,16,cls,yes,,,,codes/Trento/ContextualNet/HashNet/16/cls.npz,
Trento,ContextualNet,HashNet,16,all,yes,,,,codes/Trento/ContextualNet/HashNet/16/all.npz,
Trento,ContextualNet,HashNet,32,cls,yes,,,,codes/Trento/ContextualNet/HashNet/32/cls.npz,
Trento,ContextualNet,HashNet,32,all,yes,,,,codes/Trento/ContextualNet/HashNet/32/all.npz,
Trento,ContextualNet,HashNet,64,cls,yes,,,,codes/Trento/ContextualNet/HashNet/64/cls.npz,
Trento,ContextualNet,HashNet,64,all,yes,,,,codes/Trento/ContextualNet/HashNet/64/all.npz,
Trento,ContextualNet,IDHN,16,cls,yes,,,,codes/Trento/ContextualNet/IDHN/16/cls.npz,
Trento,ContextualNet,IDHN,16,all,yes,,,,codes/Trento/ContextualNet/IDHN/16/all.npz,
Trento,ContextualNet,IDHN,32,cls,yes,,,,codes/Trento/ContextualNet/IDHN/32/cls.npz,
Trento,ContextualNet,IDHN,32,all,yes,,,,codes/Trento/ContextualNet/IDHN/32/all.npz,
Trento,ContextualNet,IDHN,64,cls,yes,,,,codes/Trento/ContextualNet/IDHN/64/cls.npz,
Trento,ContextualNet,IDHN,64,all,yes,,,,codes/Trento/ContextualNet/IDHN/64/all.npz,
Trento,ContextualNet,OrthoHash,16,cls,yes,,,,codes/Trento/ContextualNet/OrthoHash/16/cls.npz,
Trento,ContextualNet,OrthoHash,16,all,yes,,,,codes/Trento/ContextualNet/OrthoHash/16/all.npz,
Trento,ContextualNet,OrthoHash,32,cls,yes,,,,codes/Trento/ContextualNet/OrthoHash/32/cls.npz,
Trento,ContextualNet,OrthoHash,32,all,yes,,,,codes/Trento/ContextualNet/OrthoHash/32/all.npz,
Trento,ContextualNet,OrthoHash,64,cls,yes,,,,codes/Trento/ContextualNet/OrthoHash/64/cls.npz,
Trento,ContextualNet,OrthoHash,64,all,yes,,,,codes/Trento/ContextualNet/OrthoHash/64/all.npz,
Trento,ContextualNet,DSPCH,16,cls,yes,,,,codes/Trento/ContextualNet/DSPCH/16/cls.npz,
Trento,ContextualNet,DSPCH,16,all,yes,,,,codes/Trento/ContextualNet/DSPCH/16/all.npz,
Trento,ContextualNet,DSPCH,32,cls,yes,,,,codes/Trento/ContextualNet/DSPCH/32/cls.npz,
Trento,ContextualNet,DSPCH,32,all,yes,,,,codes/Trento/ContextualNet/DSPCH/32/all.npz,
Trento,ContextualNet,DSPCH,64,cls,yes,,,,codes/Trento/ContextualNet/DSPCH/64/cls.npz,
Trento,ContextualNet,DSPCH,64,all,yes,,,,codes/Trento/ContextualNet/DSPCH/64/all.npz,
Trento,ContextualNet,DHNN,16,cls,yes,,,,codes/Trento/ContextualNet/DHNN/16/cls.npz,
Trento,ContextualNet,DHNN,16,all,yes,,,,codes/Trento/ContextualNet/DHNN/16/all.npz,
Trento,ContextualNet,DHNN,32,cls,yes,,,,codes/Trento/ContextualNet/DHNN/32/cls.npz,
Trento,ContextualNet,DHNN,32,all,yes,,,,codes/Trento/ContextualNet/DHNN/32/all.npz,
Trento,ContextualNet,DHNN,64,cls,yes,,,,codes/Trento/ContextualNet/DHNN/64/cls.npz,
Trento,ContextualNet,DHNN,64,all,yes,,,,codes/Trento/ContextualNet/DHNN/64/all.npz,
Trento,CNN-2D,CSQ,16,cls,yes,,,,codes/Trento/CNN-2D/CSQ/16/cls.npz,
Trento,CNN-2D,CSQ,16,all,yes,,,,codes/Trento/CNN-2D/CSQ/16/all.npz,
Trento,CNN-2D,CSQ,32,cls,yes,,,,codes/Trento/CNN-2D/CSQ/32/cls.npz,
Trento,CNN-2D,CSQ,32,all,yes,,,,codes/Trento/CNN-2D/CSQ/32/all.npz,
Trento,CNN-2D,CSQ,64,cls,yes,,,,codes/Trento/CNN-2D/CSQ/64/cls.npz,
Trento,CNN-2D,CSQ,64,all,yes,,,,codes/Trento/CNN-2D/CSQ/64/all.npz,
Trento,CNN-2D,DPN,16,cls,yes,,,,codes/Trento/CNN-2D/DPN/16/cls.npz,
Trento,CNN-2D,DPN,16,all,yes,,,,codes/Trento/CNN-2D/DPN/16/all.npz,
Trento,CNN-2D,DPN,32,cls,yes,,,,codes/Trento/CNN-2D/DPN/32/cls.npz,
Trento,CNN-2D,DPN,32,all,yes,,,,codes/Trento/CNN-2D/DPN/32/all.npz,
Trento,CNN-2D,DPN,64,cls,yes,,,,codes/Trento/CNN-2D/DPN/64/cls.npz,
Trento,CNN-2D,DPN,64,all,yes,,,,codes/Trento/CNN-2D/DPN/64/all.npz,
Trento,CNN-2D,DSH,16,cls,yes,,,,codes/Trento/CNN-2D/DSH/16/cls.npz,
Trento,CNN-2D,DSH,16,all,yes,,,,codes/Trento/CNN-2D/DSH/16/all.npz,
Trento,CNN-2D,DSH,32,cls,yes,,,,codes/Trento/CNN-2D/DSH/32/cls.npz,
Trento,CNN-2D,DSH,32,all,yes,,,,codes/Trento/CNN-2D/DSH/32/all.npz,
Trento,CNN-2D,DSH,64,cls,yes,,,,codes/Trento/CNN-2D/DSH/64/cls.npz,
Trento,CNN-2D,DSH,64,all,yes,,,,codes/Trento/CNN-2D/DSH/64/all.npz,
Trento,CNN-2D,GreedyHash,16,cls,yes,,,,codes/Trento/CNN-2D/GreedyHash/16/cls.npz,
Trento,CNN-2D,GreedyHash,16,all,yes,,,,codes/Trento/CNN-2D/GreedyHash/16/all.npz,
Trento,CNN-2D,GreedyHash,32,cls,yes,,,,codes/Trento/CNN-2D/GreedyHash/32/cls.npz,
Trento,CNN-2D,GreedyHash,32,all,yes,,,,codes/Trento/CNN-2D/GreedyHash/32/all.npz,
Trento,CNN-2D,GreedyHash,64,cls,yes,,,,codes/Trento/CNN-2D/GreedyHash/64/cls.npz,
Trento,CNN-2D,GreedyHash,64,all,yes,,,,codes/Trento/CNN-2D/GreedyHash/64/all.npz,
Trento,CNN-2D,HashNet,16,cls,yes,,,,codes/Trento/CNN-2D/HashNet/16/cls.npz,
Trento,CNN-2D,HashNet,16,all,yes,,,,codes/Trento/CNN-2D/HashNet/16/all.npz,
Trento,CNN-2D,HashNet,32,cls,yes,,,,codes/Trento/CNN-2D/HashNet/32/cls.npz,
Trento,CNN-2D,HashNet,32,all,yes,,,,codes/Trento/CNN-2D/HashNet/32/all.npz,
Trento,CNN-2D,HashNet,64,cls,yes,,,,codes/Trento/CNN-2D/HashNet/64/cls.npz,
Trento,CNN-2D,HashNet,64,all,yes,,,,codes/Trento/CNN-2D/HashNet/64/all.npz,
Trento,CNN-2D,IDHN,16,cls,yes,,,,codes/Trento/CNN-2D/IDHN/16/cls.npz,
Trento,CNN-2D,IDHN,16,all,yes,,,,codes/Trento/CNN-2D/IDHN/16/all.npz,
Trento,CNN-2D,IDHN,32,cls,yes,,,,codes/Trento/CNN-2D/IDHN/32/cls.npz,
Trento,CNN-2D,IDHN,32,all,yes,,,,codes/Trento/CNN-2D/IDHN/32/all.npz,
Trento,CNN-2D,IDHN,64,cls,yes,,,,codes/Trento/CNN-2D/IDHN/64/cls.npz,
Trento,CNN-2D,IDHN,64,all,yes,,,,codes/Trento/CNN-2D/IDHN/64/all.npz,
Trento,CNN-2D,OrthoHash,16,cls,yes,,,,codes/Trento/CNN-2D/OrthoHash/16/cls.npz,
Trento,CNN-2D,OrthoHash,16,all,yes,,,,codes/Trento/CNN-2D/OrthoHash/16/all.npz,
Trento,CNN-2D,OrthoHash,32,cls,yes,,,,codes/Trento/CNN-2D/OrthoHash/32/cls.npz,
Trento,CNN-2D,OrthoHash,32,all,yes,,,,codes/Trento/CNN-2D/OrthoHash/32/all.npz,
Trento,CNN-2D,OrthoHash,64,cls,yes,,,,codes/Trento/CNN-2D/OrthoHash/64/cls.npz,
Trento,CNN-2D,OrthoHash,64,all,yes,,,,codes/Trento/CNN-2D/OrthoHash/64/all.npz,
Trento,CNN-2D,DSPCH,16,cls,yes,,,,codes/Trento/CNN-2D/DSPCH/16/cls.npz,
Trento,CNN-2D,DSPCH,16,all,yes,,,,codes/Trento/CNN-2D/DSPCH/16/all.npz,
Trento,CNN-2D,DSPCH,32,cls,yes,,,,codes/Trento/CNN-2D/DSPCH/32/cls.npz,
Trento,CNN-2D,DSPCH,32,all,yes,,,,codes/Trento/CNN-2D/DSPCH/32/all.npz,
Trento,CNN-2D,DSPCH,64,cls,yes,,,,codes/Trento/CNN-2D/DSPCH/64/cls.npz,
Trento,CNN-2D,DSPCH,64,all,yes,,,,codes/Trento/CNN-2D/DSPCH/64/all.npz,
Trento,CNN-2D,DHNN,16,cls,yes,,,,codes/Trento/CNN-2D/DHNN/16/cls.npz,
Trento,CNN-2D,DHNN,16,all,yes,,,,codes/Trento/CNN-2D/DHNN/16/all.npz,
Trento,CNN-2D,DHNN,32,cls,yes,,,,codes/Trento/CNN-2D/DHNN/32/cls.npz,
Trento,CNN-2D,DHNN,32,all,yes,,,,codes/Trento/CNN-2D/DHNN/32/all.npz,
Trento,CNN-2D,DHNN,64,cls,yes,,,,codes/Trento/CNN-2D/DHNN/64/cls.npz,
Trento,CNN-2D,DHNN,64,all,yes,,,,codes/Trento/CNN-2D/DHNN/64/all.npz,
Trento,CNN-3D,CSQ,16,cls,yes,,,,codes/Trento/CNN-3D/CSQ/16/cls.npz,
Trento,CNN-3D,CSQ,16,all,yes,,,,codes/Trento/CNN-3D/CSQ/16/all.npz,
Trento,CNN-3D,CSQ,32,cls,yes,,,,codes/Trento/CNN-3D/CSQ/32/cls.npz,
Trento,CNN-3D,CSQ,32,all,yes,,,,codes/Trento/CNN-3D/CSQ/32/all.npz,
Trento,CNN-3D,CSQ,64,cls,yes,,,,codes/Trento/CNN-3D/CSQ/64/cls.npz,
Trento,CNN-3D,CSQ,64,all,yes,,,,codes/Trento/CNN-3D/CSQ/64/all.npz,
Trento,CNN-3D,DPN,16,cls,yes,,,,codes/Trento/CNN-3D/DPN/16/cls.npz,
Trento,CNN-3D,DPN,16,all,yes,,,,codes/Trento/CNN-3D/DPN/16/all.npz,
Trento,CNN-3D,DPN,32,cls,yes,,,,codes/Trento/CNN-3D/DPN/32/cls.npz,
Trento,CNN-3D,DPN,32,all,yes,,,,codes/Trento/CNN-3D/DPN/32/all.npz,
Trento,CNN-3D,DPN,64,cls,yes,,,,codes/Trento/CNN-3D/DPN/64/cls.npz,
Trento,CNN-3D,DPN,64,all,yes,,,,codes/Trento/CNN-3D/DPN/64/all.npz,
Trento,CNN-3D,DSH,16,cls,yes,,,,codes/Trento/CNN-3D/DSH/16/cls.npz,
Trento,CNN-3D,DSH,16,all,yes,,,,codes/Trento/CNN-3D/DSH/16/all.npz,
Trento,CNN-3D,DSH,32,cls,yes,,,,codes/Trento/CNN-3D/DSH/32/cls.npz,
Trento,CNN-3D,DSH,32,all,yes,,,,codes/Trento/CNN-3D/DSH/32/all.npz,
Trento,CNN-3D,DSH,64,cls,yes,,,,codes/Trento/CNN-3D/DSH/64/cls.npz,
Trento,CNN-3D,DSH,64,all,yes,,,,codes/Trento/CNN-3D/DSH/64/all.npz,
Trento,CNN-3D,GreedyHash,16,cls,yes,,,,codes/Trento/CNN-3D/GreedyHash/16/cls.npz,
Trento,CNN-3D,GreedyHash,16,all,yes,,,,codes/Trento/CNN-3D/GreedyHash/16/all.npz,
Trento,CNN-3D,GreedyHash,32,cls,yes,,,,codes/Trento/CNN-3D/GreedyHash/32/cls.npz,
Trento,CNN-3D,GreedyHash,32,all,yes,,,,codes/Trento/CNN-3D/GreedyHash/32/all.npz,
Trento,CNN-3D,GreedyHash,64,cls,yes,,,,codes/Trento/CNN-3D/GreedyHash/64/cls.npz,
Trento,CNN-3D,GreedyHash,64,all,yes,,,,codes/Trento/CNN-3D/GreedyHash/64/all.npz,
Trento,CNN-3D,HashNet,16,cls,yes,,,,codes/Trento/CNN-3D/HashNet/16/cls.npz,
Trento,CNN-3D,HashNet,16,all,yes,,,,codes/Trento/CNN-3D/HashNet/16/all.npz,
Trento,CNN-3D,HashNet,32,cls,yes,,,,codes/Trento/CNN-3D/HashNet/32/cls.npz,
Trento,CNN-3D,HashNet,32,all,yes,,,,codes/Trento/CNN-3D/HashNet/32/all.npz,
Trento,CNN-3D,HashNet,64,cls,yes,,,,codes/Trento/CNN-3D/HashNet/64/cls.npz,
Trento,CNN-3D,HashNet,64,all,yes,,,,codes/Trento/CNN-3D/HashNet/64/all.npz,
Trento,CNN-3D,IDHN,16,cls,yes,,,,codes/Trento/CNN-3D/IDHN/16/cls.npz,
Trento,CNN-3D,IDHN,16,all,yes,,,,codes/Trento/CNN-3D/IDHN/16/all.npz,
Trento,CNN-3D,IDHN,32,cls,yes,,,,codes/Trento/CNN-3D/IDHN/32/cls.npz,
Trento,CNN-3D,IDHN,32,all,yes,,,,codes/Trento/CNN-3D/IDHN/32/all.npz,
Trento,CNN-3D,IDHN,64,cls,yes,,,,codes/Trento/CNN-3D/IDHN/64/cls.npz,
Trento,CNN-3D,IDHN,64,all,yes,,,,codes/Trento/CNN-3D/IDHN/64/all.npz,
Trento,CNN-3D,OrthoHash,16,cls,yes,,,,codes/Trento/CNN-3D/OrthoHash/16/cls.npz,
Trento,CNN-3D,OrthoHash,16,all,yes,,,,codes/Trento/CNN-3D/OrthoHash/16/all.npz,
Trento,CNN-3D,OrthoHash,32,cls,yes,,,,codes/Trento/CNN-3D/OrthoHash/32/cls.npz,
Trento,CNN-3D,OrthoHash,32,all,yes,,,,codes/Trento/CNN-3D/OrthoHash/32/all.npz,
Trento,CNN-3D,OrthoHash,64,cls,yes,,,,codes/Trento/CNN-3D/OrthoHash/64/cls.npz,
Trento,CNN-3D,OrthoHash,64,all,yes,,,,codes/Trento/CNN-3D/OrthoHash/64/all.npz,
Trento,CNN-3D,DSPCH,16,cls,yes,,,,codes/Trento/CNN-3D/DSPCH/16/cls.npz,
Trento,CNN-3D,DSPCH,16,all,yes,,,,codes/Trento/CNN-3D/DSPCH/16/all.npz,
Trento,CNN-3D,DSPCH,32,cls,yes,,,,codes/Trento/CNN-3D/DSPCH/32/cls.npz,
Trento,CNN-3D,DSPCH,32,all,yes,,,,codes/Trento/CNN-3D/DSPCH/32/all.npz,
Trento,CNN-3D,DSPCH,64,cls,yes,,,,codes/Trento/CNN-3D/DSPCH/64/cls.npz,
Trento,CNN-3D,DSPCH,64,all,yes,,,,codes/Trento/CNN-3D/DSPCH/64/all.npz,
Trento,CNN-3D,DHNN,16,cls,yes,,,,codes/Trento/CNN-3D/DHNN/16/cls.npz,
Trento,CNN-3D,DHNN,16,all,yes,,,,codes/Trento/CNN-3D/DHNN/16/all.npz,
Trento,CNN-3D,DHNN,32,cls,yes,,,,codes/Trento/CNN-3D/DHNN/32/cls.npz,
Trento,CNN-3D,DHNN,32,all,yes,,,,codes/Trento/CNN-3D/DHNN/32/all.npz,
Trento,CNN-3D,DHNN,64,cls,yes,,,,codes/Trento/CNN-3D/DHNN/64/cls.npz,
Trento,CNN-3D,DHNN,64,all,yes,,,,codes/Trento/CNN-3D/DHNN/64/all.npz,
Trento,HybridSN,CSQ,16,cls,yes,,,,codes/Trento/HybridSN/CSQ/16/cls.npz,
Trento,HybridSN,CSQ,16,all,yes,,,,codes/Trento/HybridSN/CSQ/16/all.npz,
Trento,HybridSN,CSQ,32,cls,yes,,,,codes/Trento/HybridSN/CSQ/32/cls.npz,
Trento,HybridSN,CSQ,32,all,yes,,,,codes/Trento/HybridSN/CSQ/32/all.npz,
Trento,HybridSN,CSQ,64,cls,yes,,,,codes/Trento/HybridSN/CSQ/64/cls.npz,
Trento,HybridSN,CSQ,64,all,yes,,,,codes/Trento/HybridSN/CSQ/64/all.npz,
Trento,HybridSN,DPN,16,cls,yes,,,,codes/Trento/HybridSN/DPN/16/cls.npz,
Trento,HybridSN,DPN,16,all,yes,,,,codes/Trento/HybridSN/DPN/16/all.npz,
Trento,HybridSN,DPN,32,cls,yes,,,,codes/Trento/HybridSN/DPN/32/cls.npz,
Trento,HybridSN,DPN,32,all,yes,,,,codes/Trento/HybridSN/DPN/32/all.npz,
Trento,HybridSN,DPN,64,cls,yes,,,,codes/Trento/HybridSN/DPN/64/cls.npz,
Trento,HybridSN,DPN,64,all,yes,,,,codes/Trento/HybridSN/DPN/64/all.npz,
Trento,HybridSN,DSH,16,cls,yes,,,,codes/Trento/HybridSN/DSH/16/cls.npz,
Trento,HybridSN,DSH,16,all,yes,,,,codes/Trento/HybridSN/DSH/16/all.npz,
Trento,HybridSN,DSH,32,cls,yes,,,,codes/Trento/HybridSN/DSH/32/cls.npz,
Trento,HybridSN,DSH,32,all,yes,,,,codes/Trento/HybridSN/DSH/32/all.npz,
Trento,HybridSN,DSH,64,cls,yes,,,,codes/Trento/HybridSN/DSH/64/cls.npz,
Trento,HybridSN,DSH,64,all,yes,,,,codes/Trento/HybridSN/DSH/64/all.npz,
Trento,HybridSN,GreedyHash,16,cls,yes,,,,codes/Trento/HybridSN/GreedyHash/16/cls.npz,
Trento,HybridSN,GreedyHash,16,all,yes,,,,codes/Trento/HybridSN/GreedyHash/16/all.npz,
Trento,HybridSN,GreedyHash,32,cls,yes,,,,codes/Trento/HybridSN/GreedyHash/32/cls.npz,
Trento,HybridSN,GreedyHash,32,all,yes,,,,codes/Trento/HybridSN/GreedyHash/32/all.npz,
Trento,HybridSN,GreedyHash,64,cls,yes,,,,codes/Trento/HybridSN/GreedyHash/64/cls.npz,
Trento,HybridSN,GreedyHash,64,all,yes,,,,codes/Trento/HybridSN/GreedyHash/64/all.npz,
Trento,HybridSN,HashNet,16,cls,yes,,,,codes/Trento/HybridSN/HashNet/16/cls.npz,
Trento,HybridSN,HashNet,16,all,yes,,,,codes/Trento/HybridSN/HashNet/16/all.npz,
Trento,HybridSN,HashNet,32,cls,yes,,,,codes/Trento/HybridSN/HashNet/32/cls.npz,
Trento,HybridSN,HashNet,32,all,yes,,,,codes/Trento/HybridSN/HashNet/32/all.npz,
Trento,HybridSN,HashNet,64,cls,yes,,,,codes/Trento/HybridSN/HashNet/64/cls.npz,
Trento,HybridSN,HashNet,64,all,yes,,,,codes/Trento/HybridSN/HashNet/64/all.npz,
Trento,HybridSN,IDHN,16,cls,yes,,,,codes/Trento/HybridSN/IDHN/16/cls.npz,
Trento,HybridSN,IDHN,16,all,yes,,,,codes/Trento/HybridSN/IDHN/16/all.npz,
Trento,HybridSN,IDHN,32,cls,yes,,,,codes/Trento/HybridSN/IDHN/32/cls.npz,
Trento,HybridSN,IDHN,32,all,yes,,,,codes/Trento/HybridSN/IDHN/32/all.npz,
Trento,HybridSN,IDHN,64,cls,yes,,,,codes/Trento/HybridSN/IDHN/64/cls.npz,
Trento,HybridSN,IDHN,64,all,yes,,,,codes/Trento/HybridSN/IDHN/64/all.npz,
Trento,HybridSN,OrthoHash,16,cls,yes,,,,codes/Trento/HybridSN/OrthoHash/16/cls.npz,
Trento,HybridSN,OrthoHash,16,all,yes,,,,codes/Trento/HybridSN/OrthoHash/16/all.npz,
Trento,HybridSN,OrthoHash,32,cls,yes,,,,codes/Trento/HybridSN/OrthoHash/32/cls.npz,
Trento,HybridSN,OrthoHash,32,all,yes,,,,codes/Trento/HybridSN/OrthoHash/32/all.npz,
Trento,HybridSN,OrthoHash,64,cls,yes,,,,codes/Trento/HybridSN/OrthoHash/64/cls.npz,
Trento,HybridSN,OrthoHash,64,all,yes,,,,codes/Trento/HybridSN/OrthoHash/64/all.npz,
Trento,HybridSN,DSPCH,16,cls,yes,,,,codes/Trento/HybridSN/DSPCH/16/cls.npz,
Trento,HybridSN,DSPCH,16,all,yes,,,,codes/Trento/HybridSN/DSPCH/16/all.npz,
Trento,HybridSN,DSPCH,32,cls,yes,,,,codes/Trento/HybridSN/DSPCH/32/cls.npz,
Trento,HybridSN,DSPCH,32,all,yes,,,,codes/Trento/HybridSN/DSPCH/32/all.npz,
Trento,HybridSN,DSPCH,64,cls,yes,,,,codes/Trento/HybridSN/DSPCH/64/cls.npz,
Trento,HybridSN,DSPCH,64,all,yes,,,,codes/Trento/HybridSN/DSPCH/64/all.npz,
Trento,HybridSN,DHNN,16,cls,yes,,,,codes/Trento/HybridSN/DHNN/16/cls.npz,
Trento,HybridSN,DHNN,16,all,yes,,,,codes/Trento/HybridSN/DHNN/16/all.npz,
Trento,HybridSN,DHNN,32,cls,yes,,,,codes/Trento/HybridSN/DHNN/32/cls.npz,
Trento,HybridSN,DHNN,32,all,yes,,,,codes/Trento/HybridSN/DHNN/32/all.npz,
Trento,HybridSN,DHNN,64,cls,yes,,,,codes/Trento/HybridSN/DHNN/64/cls.npz,
Trento,HybridSN,DHNN,64,all,yes,,,,codes/Trento/HybridSN/DHNN/64/all.npz,
Trento,MorphFormer,CSQ,16,cls,yes,,,,codes/Trento/MorphFormer/CSQ/16/cls.npz,
Trento,MorphFormer,CSQ,16,all,yes,,,,codes/Trento/MorphFormer/CSQ/16/all.npz,
Trento,MorphFormer,CSQ,32,cls,yes,,,,codes/Trento/MorphFormer/CSQ/32/cls.npz,
Trento,MorphFormer,CSQ,32,all,yes,,,,codes/Trento/MorphFormer/CSQ/32/all.npz,
Trento,MorphFormer,CSQ,64,cls,yes,,,,codes/Trento/MorphFormer/CSQ/64/cls.npz,
Trento,MorphFormer,CSQ,64,all,yes,,,,codes/Trento/MorphFormer/CSQ/64/all.npz,
Trento,MorphFormer,DPN,16,cls,yes,,,,codes/Trento/MorphFormer/DPN/16/cls.npz,
Trento,MorphFormer,DPN,16,all,yes,,,,codes/Trento/MorphFormer/DPN/16/all.npz,
Trento,MorphFormer,DPN,32,cls,yes,,,,codes/Trento/MorphFormer/DPN/32/cls.npz,
Trento,MorphFormer,DPN,32,all,yes,,,,codes/Trento/MorphFormer/DPN/32/all.npz,
Trento,MorphFormer,DPN,64,cls,yes,,,,codes/Trento/MorphFormer/DPN/64/cls.npz,
Trento,MorphFormer,DPN,64,all,yes,,,,codes/Trento/MorphFormer/DPN/64/all.npz,
Trento,MorphFormer,DSH,16,cls,yes,,,,codes/Trento/MorphFormer/DSH/16/cls.npz,
Trento,MorphFormer,DSH,16,all,yes,,,,codes/Trento/MorphFormer/DSH/16/all.npz,
Trento,MorphFormer,DSH,32,cls,yes,,,,codes/Trento/MorphFormer/DSH/32/cls.npz,
Trento,MorphFormer,DSH,32,all,yes,,,,codes/Trento/MorphFormer/DSH/32/all.npz,
Trento,MorphFormer,DSH,64,cls,yes,,,,codes/Trento/MorphFormer/DSH/64/cls.npz,
Trento,MorphFormer,DSH,64,all,yes,,,,codes/Trento/MorphFormer/DSH/64/all.npz,
Trento,MorphFormer,GreedyHash,16,cls,yes,,,,codes/Trento/MorphFormer/GreedyHash/16/cls.npz,
Trento,MorphFormer,GreedyHash,16,all,yes,,,,codes/Trento/MorphFormer/GreedyHash/16/all.npz,
Trento,MorphFormer,GreedyHash,32,cls,yes,,,,codes/Trento/MorphFormer/GreedyHash/32/cls.npz,
Trento,MorphFormer,GreedyHash,32,all,yes,,,,codes/Trento/MorphFormer/GreedyHash/32/all.npz,
Trento,MorphFormer,GreedyHash,64,cls,yes,,,,codes/Trento/MorphFormer/GreedyHash/64/cls.npz,
Trento,MorphFormer,GreedyHash,64,all,yes,,,,codes/Trento/MorphFormer/GreedyHash/64/all.npz,
Trento,MorphFormer,HashNet,16,cls,yes,,,,codes/Trento/MorphFormer/HashNet/16/cls.npz,
Trento,MorphFormer,HashNet,16,all,yes,,,,codes/Trento/MorphFormer/HashNet/16/all.npz,
Trento,MorphFormer,HashNet,32,cls,yes,,,,codes/Trento/MorphFormer/HashNet/32/cls.npz,
Trento,MorphFormer,HashNet,32,all,yes,,,,codes/Trento/MorphFormer/HashNet/32/all.npz,
Trento,MorphFormer,HashNet,64,cls,yes,,,,codes/Trento/MorphFormer/HashNet/64/cls.npz,
Trento,MorphFormer,HashNet,64,all,yes,,,,codes/Trento/MorphFormer/HashNet/64/all.npz,
Trento,MorphFormer,IDHN,16,cls,yes,,,,codes/Trento/MorphFormer/IDHN/16/cls.npz,
Trento,MorphFormer,IDHN,16,all,yes,,,,codes/Trento/MorphFormer/IDHN/16/all.npz,
Trento,MorphFormer,IDHN,32,cls,yes,,,,codes/Trento/MorphFormer/IDHN/32/cls.npz,
Trento,MorphFormer,IDHN,32,all,yes,,,,codes/Trento/MorphFormer/IDHN/32/all.npz,
Trento,MorphFormer,IDHN,64,cls,yes,,,,codes/Trento/MorphFormer/IDHN/64/cls.npz,
Trento,MorphFormer,IDHN,64,all,yes,,,,codes/Trento/MorphFormer/IDHN/64/all.npz,
Trento,MorphFormer,OrthoHash,16,cls,yes,,,,codes/Trento/MorphFormer/OrthoHash/16/cls.npz,
Trento,MorphFormer,OrthoHash,16,all,yes,,,,codes/Trento/MorphFormer/OrthoHash/16/all.npz,
Trento,MorphFormer,OrthoHash,32,cls,yes,,,,codes/Trento/MorphFormer/OrthoHash/32/cls.npz,
Trento,MorphFormer,OrthoHash,32,all,yes,,,,codes/Trento/MorphFormer/OrthoHash/32/all.npz,
Trento,MorphFormer,OrthoHash,64,cls,yes,,,,codes/Trento/MorphFormer/OrthoHash/64/cls.npz,
Trento,MorphFormer,OrthoHash,64,all,yes,,,,codes/Trento/MorphFormer/OrthoHash/64/all.npz,
Trento,MorphFormer,DSPCH,16,cls,yes,,,,codes/Trento/MorphFormer/DSPCH/16/cls.npz,
Trento,MorphFormer,DSPCH,16,all,yes,,,,codes/Trento/MorphFormer/DSPCH/16/all.npz,
Trento,MorphFormer,DSPCH,32,cls,yes,,,,codes/Trento/MorphFormer/DSPCH/32/cls.npz,
Trento,MorphFormer,DSPCH,32,all,yes,,,,codes/Trento/MorphFormer/DSPCH/32/all.npz,
Trento,MorphFormer,DSPCH,64,cls,yes,,,,codes/Trento/MorphFormer/DSPCH/64/cls.npz,
Trento,MorphFormer,DSPCH,64,all,yes,,,,codes/Trento/MorphFormer/DSPCH/64/all.npz,
Trento,MorphFormer,DHNN,16,cls,yes,,,,codes/Trento/MorphFormer/DHNN/16/cls.npz,
Trento,MorphFormer,DHNN,16,all,yes,,,,codes/Trento/MorphFormer/DHNN/16/all.npz,
Trento,MorphFormer,DHNN,32,cls,yes,,,,codes/Trento/MorphFormer/DHNN/32/cls.npz,
Trento,MorphFormer,DHNN,32,all,yes,,,,codes/Trento/MorphFormer/DHNN/32/all.npz,
Trento,MorphFormer,DHNN,64,cls,yes,,,,codes/Trento/MorphFormer/DHNN/64/cls.npz,
Trento,MorphFormer,DHNN,64,all,yes,,,,codes/Trento/MorphFormer/DHNN/64/all.npz,
Trento,SpectralFormer,CSQ,16,cls,yes,,,,codes/Trento/SpectralFormer/CSQ/16/cls.npz,
Trento,SpectralFormer,CSQ,16,all,yes,,,,codes/Trento/SpectralFormer/CSQ/16/all.npz,
Trento,SpectralFormer,CSQ,32,cls,yes,,,,codes/Trento/SpectralFormer/CSQ/32/cls.npz,
Trento,SpectralFormer,CSQ,32,all,yes,,,,codes/Trento/SpectralFormer/CSQ/32/all.npz,
Trento,SpectralFormer,CSQ,64,cls,yes,,,,codes/Trento/SpectralFormer/CSQ/64/cls.npz,
Trento,SpectralFormer,CSQ,64,all,yes,,,,codes/Trento/SpectralFormer/CSQ/64/all.npz,
Trento,SpectralFormer,DPN,16,cls,yes,,,,codes/Trento/SpectralFormer/DPN/16/cls.npz,
Trento,SpectralFormer,DPN,16,all,yes,,,,codes/Trento/SpectralFormer/DPN/16/all.npz,
Trento,SpectralFormer,DPN,32,cls,yes,,,,codes/Trento/SpectralFormer/DPN/32/cls.npz,
Trento,SpectralFormer,DPN,32,all,yes,,,,codes/Trento/SpectralFormer/DPN/32/all.npz,
Trento,SpectralFormer,DPN,64,cls,yes,,,,codes/Trento/SpectralFormer/DPN/64/cls.npz,
Trento,SpectralFormer,DPN,64,all,yes,,,,codes/Trento/SpectralFormer/DPN/64/all.npz,
Trento,SpectralFormer,DSH,16,cls,yes,,,,codes/Trento/SpectralFormer/DSH/16/cls.npz,
Trento,SpectralFormer,DSH,16,all,yes,,,,codes/Trento/SpectralFormer/DSH/16/all.npz,
Trento,SpectralFormer,DSH,32,cls,yes,,,,codes/Trento/SpectralFormer/DSH/32/cls.npz,
Trento,SpectralFormer,DSH,32,all,yes,,,,codes/Trento/SpectralFormer/DSH/32/all.npz,
Trento,SpectralFormer,DSH,64,cls,yes,,,,codes/Trento/SpectralFormer/DSH/64/cls.npz,
Trento,SpectralFormer,DSH,64,all,yes,,,,codes/Trento/SpectralFormer/DSH/64/all.npz,
Trento,SpectralFormer,GreedyHash,16,cls,yes,,,,codes/Trento/SpectralFormer/GreedyHash/16/cls.npz,
Trento,SpectralFormer,GreedyHash,16,all,yes,,,,codes/Trento/SpectralFormer/GreedyHash/16/all.npz,
Trento,SpectralFormer,GreedyHash,32,cls,yes,,,,codes/Trento/SpectralFormer/GreedyHash/32/cls.npz,
Trento,SpectralFormer,GreedyHash,32,all,yes,,,,codes/Trento/SpectralFormer/GreedyHash/32/all.npz,
Trento,SpectralFormer,GreedyHash,64,cls,yes,,,,codes/Trento/SpectralFormer/GreedyHash/64/cls.npz,
Trento,SpectralFormer,GreedyHash,64,all,yes,,,,codes/Trento/SpectralFormer/GreedyHash/64/all.npz,
Trento,SpectralFormer,HashNet,16,cls,yes,,,,codes/Trento/SpectralFormer/HashNet/16/cls.npz,
Trento,SpectralFormer,HashNet,16,all,yes,,,,codes/Trento/SpectralFormer/HashNet/16/all.npz,
Trento,SpectralFormer,HashNet,32,cls,yes,,,,codes/Trento/SpectralFormer/HashNet/32/cls.npz,
Trento,SpectralFormer,HashNet,32,all,yes,,,,codes/Trento/SpectralFormer/HashNet/32/all.npz,
Trento,SpectralFormer,HashNet,64,cls,yes,,,,codes/Trento/SpectralFormer/HashNet/64/cls.npz,
Trento,SpectralFormer,HashNet,64,all,yes,,,,codes/Trento/SpectralFormer/HashNet/64/all.npz,
Trento,SpectralFormer,IDHN,16,cls,yes,,,,codes/Trento/SpectralFormer/IDHN/16/cls.npz,
Trento,SpectralFormer,IDHN,16,all,yes,,,,codes/Trento/SpectralFormer/IDHN/16/all.npz,
Trento,SpectralFormer,IDHN,32,cls,yes,,,,codes/Trento/SpectralFormer/IDHN/32/cls.npz,
Trento,SpectralFormer,IDHN,32,all,yes,,,,codes/Trento/SpectralFormer/IDHN/32/all.npz,
Trento,SpectralFormer,IDHN,64,cls,yes,,,,codes/Trento/SpectralFormer/IDHN/64/cls.npz,
Trento,SpectralFormer,IDHN,64,all,yes,,,,codes/Trento/SpectralFormer/IDHN/64/all.npz,
Trento,SpectralFormer,OrthoHash,16,cls,yes,,,,codes/Trento/SpectralFormer/OrthoHash/16/cls.npz,
Trento,SpectralFormer,OrthoHash,16,all,yes,,,,codes/Trento/SpectralFormer/OrthoHash/16/all.npz,
Trento,SpectralFormer,OrthoHash,32,cls,yes,,,,codes/Trento/SpectralFormer/OrthoHash/32/cls.npz,
Trento,SpectralFormer,OrthoHash,32,all,yes,,,,codes/Trento/SpectralFormer/OrthoHash/32/all.npz,
Trento,SpectralFormer,OrthoHash,64,cls,yes,,,,codes/Trento/SpectralFormer/OrthoHash/64/cls.npz,
Trento,SpectralFormer,OrthoHash,64,all,yes,,,,codes/Trento/SpectralFormer/OrthoHash/64/all.npz,
Trento,SpectralFormer,DSPCH,16,cls,yes,,,,codes/Trento/SpectralFormer/DSPCH/16/cls.npz,
Trento,SpectralFormer,DSPCH,16,all,yes,,,,codes/Trento/SpectralFormer/DSPCH/16/all.npz,
Trento,SpectralFormer,DSPCH,32,cls,yes,,,,codes/Trento/SpectralFormer/DSPCH/32/cls.npz,
Trento,SpectralFormer,DSPCH,32,all,yes,,,,codes/Trento/SpectralFormer/DSPCH/32/all.npz,
Trento,SpectralFormer,DSPCH,64,cls,yes,,,,codes/Trento/SpectralFormer/DSPCH/64/cls.npz,
Trento,SpectralFormer,DSPCH,64,all,yes,,,,codes/Trento/SpectralFormer/DSPCH/64/all.npz,
Trento,SpectralFormer,DHNN,16,cls,yes,,,,codes/Trento/SpectralFormer/DHNN/16/cls.npz,
Trento,SpectralFormer,DHNN,16,all,yes,,,,codes/Trento/SpectralFormer/DHNN/16/all.npz,
Trento,SpectralFormer,DHNN,32,cls,yes,,,,codes/Trento/SpectralFormer/DHNN/32/cls.npz,
Trento,SpectralFormer,DHNN,32,all,yes,,,,codes/Trento/SpectralFormer/DHNN/32/all.npz,
Trento,SpectralFormer,DHNN,64,cls,yes,,,,codes/Trento/SpectralFormer/DHNN/64/cls.npz,
Trento,SpectralFormer,DHNN,64,all,yes,,,,codes/Trento/SpectralFormer/DHNN/64/all.npz,
NiliFossae,SSFTT,CSQ,16,cls,yes,,,,codes/NiliFossae/SSFTT/CSQ/16/cls.npz,
NiliFossae,SSFTT,CSQ,16,all,yes,,,,codes/NiliFossae/SSFTT/CSQ/16/all.npz,
NiliFossae,SSFTT,CSQ,32,cls,yes,,,,codes/NiliFossae/SSFTT/CSQ/32/cls.npz,
NiliFossae,SSFTT,CSQ,32,all,yes,,,,codes/NiliFossae/SSFTT/CSQ/32/all.npz,
NiliFossae,SSFTT,CSQ,64,cls,yes,,,,codes/NiliFossae/SSFTT/CSQ/64/cls.npz,
NiliFossae,SSFTT,CSQ,64,all,yes,,,,codes/NiliFossae/SSFTT/CSQ/64/all.npz,
NiliFossae,SSFTT,DPN,16,cls,yes,,,,codes/NiliFossae/SSFTT/DPN/16/cls.npz,
NiliFossae,SSFTT,DPN,16,all,yes,,,,codes/NiliFossae/SSFTT/DPN/16/all.npz,
NiliFossae,SSFTT,DPN,32,cls,yes,,,,codes/NiliFossae/SSFTT/DPN/32/cls.npz,
NiliFossae,SSFTT,DPN,32,all,yes,,,,codes/NiliFossae/SSFTT/DPN/32/all.npz,
NiliFossae,SSFTT,DPN,64,cls,yes,,,,codes/NiliFossae/SSFTT/DPN/64/cls.npz,
NiliFossae,SSFTT,DPN,64,all,yes,,,,codes/NiliFossae/SSFTT/DPN/64/all.npz,
NiliFossae,SSFTT,DSH,16,cls,yes,,,,codes/NiliFossae/SSFTT/DSH/16/cls.npz,
NiliFossae,SSFTT,DSH,16,all,yes,,,,codes/NiliFossae/SSFTT/DSH/16/all.npz,
NiliFossae,SSFTT,DSH,32,cls,yes,,,,codes/NiliFossae/SSFTT/DSH/32/cls.npz,
NiliFossae,SSFTT,DSH,32,all,yes,,,,codes/NiliFossae/SSFTT/DSH/32/all.npz,
NiliFossae,SSFTT,DSH,64,cls,yes,,,,codes/NiliFossae/SSFTT/DSH/64/cls.npz,
NiliFossae,SSFTT,DSH,64,all,yes,,,,codes/NiliFossae/SSFTT/DSH/64/all.npz,
NiliFossae,SSFTT,GreedyHash,16,cls,yes,,,,codes/NiliFossae/SSFTT/GreedyHash/16/cls.npz,
NiliFossae,SSFTT,GreedyHash,16,all,yes,,,,codes/NiliFossae/SSFTT/GreedyHash/16/all.npz,
NiliFossae,SSFTT,GreedyHash,32,cls,yes,,,,codes/NiliFossae/SSFTT/GreedyHash/32/cls.npz,
NiliFossae,SSFTT,GreedyHash,32,all,yes,,,,codes/NiliFossae/SSFTT/GreedyHash/32/all.npz,
NiliFossae,SSFTT,GreedyHash,64,cls,yes,,,,codes/NiliFossae/SSFTT/GreedyHash/64/cls.npz,
NiliFossae,SSFTT,GreedyHash,64,all,yes,,,,codes/NiliFossae/SSFTT/GreedyHash/64/all.npz,
NiliFossae,SSFTT,HashNet,16,cls,yes,,,,codes/NiliFossae/SSFTT/HashNet/16/cls.npz,
NiliFossae,SSFTT,HashNet,16,all,yes,,,,codes/NiliFossae/SSFTT/HashNet/16/all.npz,
NiliFossae,SSFTT,HashNet,32,cls,yes,,,,codes/NiliFossae/SSFTT/HashNet/32/cls.npz,
NiliFossae,SSFTT,HashNet,32,all,yes,,,,codes/NiliFossae/SSFTT/HashNet/32/all.npz,
NiliFossae,SSFTT,HashNet,64,cls,yes,,,,codes/NiliFossae/SSFTT/HashNet/64/cls.npz,
NiliFossae,SSFTT,HashNet,64,all,yes,,,,codes/NiliFossae/SSFTT/HashNet/64/all.npz,
NiliFossae,SSFTT,IDHN,16,cls,yes,,,,codes/NiliFossae/SSFTT/IDHN/16/cls.npz,
NiliFossae,SSFTT,IDHN,16,all,yes,,,,codes/NiliFossae/SSFTT/IDHN/16/all.npz,
NiliFossae,SSFTT,IDHN,32,cls,yes,,,,codes/NiliFossae/SSFTT/IDHN/32/cls.npz,
NiliFossae,SSFTT,IDHN,32,all,yes,,,,codes/NiliFossae/SSFTT/IDHN/32/all.npz,
NiliFossae,SSFTT,IDHN,64,cls,yes,,,,codes/NiliFossae/SSFTT/IDHN/64/cls.npz,
NiliFossae,SSFTT,IDHN,64,all,yes,,,,codes/NiliFossae/SSFTT/IDHN/64/all.npz,
NiliFossae,SSFTT,OrthoHash,16,cls,yes,,,,codes/NiliFossae/SSFTT/OrthoHash/16/cls.npz,
NiliFossae,SSFTT,OrthoHash,16,all,yes,,,,codes/NiliFossae/SSFTT/OrthoHash/16/all.npz,
NiliFossae,SSFTT,OrthoHash,32,cls,yes,,,,codes/NiliFossae/SSFTT/OrthoHash/32/cls.npz,
NiliFossae,SSFTT,OrthoHash,32,all,yes,,,,codes/NiliFossae/SSFTT/OrthoHash/32/all.npz,
NiliFossae,SSFTT,OrthoHash,64,cls,yes,,,,codes/NiliFossae/SSFTT/OrthoHash/64/cls.npz,
NiliFossae,SSFTT,OrthoHash,64,all,yes,,,,codes/NiliFossae/SSFTT/OrthoHash/64/all.npz,
NiliFossae,SSFTT,DSPCH,16,cls,yes,,,,codes/NiliFossae/SSFTT/DSPCH/16/cls.npz,
NiliFossae,SSFTT,DSPCH,16,all,yes,,,,codes/NiliFossae/SSFTT/DSPCH/16/all.npz,
NiliFossae,SSFTT,DSPCH,32,cls,yes,,,,codes/NiliFossae/SSFTT/DSPCH/32/cls.npz,
NiliFossae,SSFTT,DSPCH,32,all,yes,,,,codes/NiliFossae/SSFTT/DSPCH/32/all.npz,
NiliFossae,SSFTT,DSPCH,64,cls,yes,,,,codes/NiliFossae/SSFTT/DSPCH/64/cls.npz,
NiliFossae,SSFTT,DSPCH,64,all,yes,,,,codes/NiliFossae/SSFTT/DSPCH/64/all.npz,
NiliFossae,SSFTT,DHNN,16,cls,yes,,,,codes/NiliFossae/SSFTT/DHNN/16/cls.npz,
NiliFossae,SSFTT,DHNN,16,all,yes,,,,codes/NiliFossae/SSFTT/DHNN/16/all.npz,
NiliFossae,SSFTT,DHNN,32,cls,yes,,,,codes/NiliFossae/SSFTT/DHNN/32/cls.npz,
NiliFossae,SSFTT,DHNN,32,all,yes,,,,codes/NiliFossae/SSFTT/DHNN/32/all.npz,
NiliFossae,SSFTT,DHNN,64,cls,yes,,,,codes/NiliFossae/SSFTT/DHNN/64/cls.npz,
NiliFossae,SSFTT,DHNN,64,all,yes,,,,codes/NiliFossae/SSFTT/DHNN/64/all.npz,
NiliFossae,Mamba,CSQ,16,cls,yes,,,,codes/NiliFossae/Mamba/CSQ/16/cls.npz,
NiliFossae,Mamba,CSQ,16,all,yes,,,,codes/NiliFossae/Mamba/CSQ/16/all.npz,
NiliFossae,Mamba,CSQ,32,cls,yes,,,,codes/NiliFossae/Mamba/CSQ/32/cls.npz,
NiliFossae,Mamba,CSQ,32,all,yes,,,,codes/NiliFossae/Mamba/CSQ/32/all.npz,
NiliFossae,Mamba,CSQ,64,cls,yes,,,,codes/NiliFossae/Mamba/CSQ/64/cls.npz,
NiliFossae,Mamba,CSQ,64,all,yes,,,,codes/NiliFossae/Mamba/CSQ/64/all.npz,
NiliFossae,Mamba,DPN,16,cls,yes,,,,codes/NiliFossae/Mamba/DPN/16/cls.npz,
NiliFossae,Mamba,DPN,16,all,yes,,,,codes/NiliFossae/Mamba/DPN/16/all.npz,
NiliFossae,Mamba,DPN,32,cls,yes,,,,codes/NiliFossae/Mamba/DPN/32/cls.npz,
NiliFossae,Mamba,DPN,32,all,yes,,,,codes/NiliFossae/Mamba/DPN/32/all.npz,
NiliFossae,Mamba,DPN,64,cls,yes,,,,codes/NiliFossae/Mamba/DPN/64/cls.npz,
NiliFossae,Mamba,DPN,64,all,yes,,,,codes/NiliFossae/Mamba/DPN/64/all.npz,
NiliFossae,Mamba,DSH,16,cls,yes,,,,codes/NiliFossae/Mamba/DSH/16/cls.npz,
NiliFossae,Mamba,DSH,16,all,yes,,,,codes/NiliFossae/Mamba/DSH/16/all.npz,
NiliFossae,Mamba,DSH,32,cls,yes,,,,codes/NiliFossae/Mamba/DSH/32/cls.npz,
NiliFossae,Mamba,DSH,32,all,yes,,,,codes/NiliFossae/Mamba/DSH/32/all.npz,
NiliFossae,Mamba,DSH,64,cls,yes,,,,codes/NiliFossae/Mamba/DSH/64/cls.npz,
NiliFossae,Mamba,DSH,64,all,yes,,,,codes/NiliFossae/Mamba/DSH/64/all.npz,
NiliFossae,Mamba,GreedyHash,16,cls,yes,,,,codes/NiliFossae/Mamba/GreedyHash/16/cls.npz,
NiliFossae,Mamba,GreedyHash,16,all,yes,,,,codes/NiliFossae/Mamba/GreedyHash/16/all.npz,
NiliFossae,Mamba,GreedyHash,32,cls,yes,,,,codes/NiliFossae/Mamba/GreedyHash/32/cls.npz,
NiliFossae,Mamba,GreedyHash,32,all,yes,,,,codes/NiliFossae/Mamba/GreedyHash/32/all.npz,
NiliFossae,Mamba,GreedyHash,64,cls,yes,,,,codes/NiliFossae/Mamba/GreedyHash/64/cls.npz,
NiliFossae,Mamba,GreedyHash,64,all,yes,,,,codes/NiliFossae/Mamba/GreedyHash/64/all.npz,
NiliFossae,Mamba,HashNet,16,cls,yes,,,,codes/NiliFossae/Mamba/HashNet/16/cls.npz,
NiliFossae,Mamba,HashNet,16,all,yes,,,,codes/NiliFossae/Mamba/HashNet/16/all.npz,
NiliFossae,Mamba,HashNet,32,cls,yes,,,,codes/NiliFossae/Mamba/HashNet/32/cls.npz,
NiliFossae,Mamba,HashNet,32,all,yes,,,,codes/NiliFossae/Mamba/HashNet/32/all.npz,
NiliFossae,Mamba,HashNet,64,cls,yes,,,,codes/NiliFossae/Mamba/HashNet/64/cls.npz,
NiliFossae,Mamba,HashNet,64,all,yes,,,,codes/NiliFossae/Mamba/HashNet/64/all.npz,
NiliFossae,Mamba,IDHN,16,cls,yes,,,,codes/NiliFossae/Mamba/IDHN/16/cls.npz,
NiliFossae,Mamba,IDHN,16,all,yes,,,,codes/NiliFossae/Mamba/IDHN/16/all.npz,
NiliFossae,Mamba,IDHN,32,cls,yes,,,,codes/NiliFossae/Mamba/IDHN/32/cls.npz,
NiliFossae,Mamba,IDHN,32,all,yes,,,,codes/NiliFossae/Mamba/IDHN/32/all.npz,
NiliFossae,Mamba,IDHN,64,cls,yes,,,,codes/NiliFossae/Mamba/IDHN/64/cls.npz,
NiliFossae,Mamba,IDHN,64,all,yes,,,,codes/NiliFossae/Mamba/IDHN/64/all.npz,
NiliFossae,Mamba,OrthoHash,16,cls,yes,,,,codes/NiliFossae/Mamba/OrthoHash/16/cls.npz,
NiliFossae,Mamba,OrthoHash,16,all,yes,,,,codes/NiliFossae/Mamba/OrthoHash/16/all.npz,
NiliFossae,Mamba,OrthoHash,32,cls,yes,,,,codes/NiliFossae/Mamba/OrthoHash/32/cls.npz,
NiliFossae,Mamba,OrthoHash,32,all,yes,,,,codes/NiliFossae/Mamba/OrthoHash/32/all.npz,
NiliFossae,Mamba,OrthoHash,64,cls,yes,,,,codes/NiliFossae/Mamba/OrthoHash/64/cls.npz,
NiliFossae,Mamba,OrthoHash,64,all,yes,,,,codes/NiliFossae/Mamba/OrthoHash/64/all.npz,
NiliFossae,Mamba,DSPCH,16,cls,yes,,,,codes/NiliFossae/Mamba/DSPCH/16/cls.npz,
NiliFossae,Mamba,DSPCH,16,all,yes,,,,codes/NiliFossae/Mamba/DSPCH/16/all.npz,
NiliFossae,Mamba,DSPCH,32,cls,yes,,,,codes/NiliFossae/Mamba/DSPCH/32/cls.npz,
NiliFossae,Mamba,DSPCH,32,all,yes,,,,codes/NiliFossae/Mamba/DSPCH/32/all.npz,
NiliFossae,Mamba,DSPCH,64,cls,yes,,,,codes/NiliFossae/Mamba/DSPCH/64/cls.npz,
NiliFossae,Mamba,DSPCH,64,all,yes,,,,codes/NiliFossae/Mamba/DSPCH/64/all.npz,
NiliFossae,Mamba,DHNN,16,cls,yes,,,,codes/NiliFossae/Mamba/DHNN/16/cls.npz,
NiliFossae,Mamba,DHNN,16,all,yes,,,,codes/NiliFossae/Mamba/DHNN/16/all.npz,
NiliFossae,Mamba,DHNN,32,cls,yes,,,,codes/NiliFossae/Mamba/DHNN/32/cls.npz,
NiliFossae,Mamba,DHNN,32,all,yes,,,,codes/NiliFossae/Mamba/DHNN/32/all.npz,
NiliFossae,Mamba,DHNN,64,cls,yes,,,,codes/NiliFossae/Mamba/DHNN/64/cls.npz,
NiliFossae,Mamba,DHNN,64,all,yes,,,,codes/NiliFossae/Mamba/DHNN/64/all.npz,
NiliFossae,MoE-Mamba,CSQ,16,cls,yes,,,,codes/NiliFossae/MoE-Mamba/CSQ/16/cls.npz,
NiliFossae,MoE-Mamba,CSQ,16,all,yes,,,,codes/NiliFossae/MoE-Mamba/CSQ/16/all.npz,
NiliFossae,MoE-Mamba,CSQ,32,cls,yes,,,,codes/NiliFossae/MoE-Mamba/CSQ/32/cls.npz,
NiliFossae,MoE-Mamba,CSQ,32,all,yes,,,,codes/NiliFossae/MoE-Mamba/CSQ/32/all.npz,
NiliFossae,MoE-Mamba,CSQ,64,cls,yes,,,,codes/NiliFossae/MoE-Mamba/CSQ/64/cls.npz,
NiliFossae,MoE-Mamba,CSQ,64,all,yes,,,,codes/NiliFossae/MoE-Mamba/CSQ/64/all.npz,
NiliFossae,MoE-Mamba,DPN,16,cls,yes,,,,codes/NiliFossae/MoE-Mamba/DPN/16/cls.npz,
NiliFossae,MoE-Mamba,DPN,16,all,yes,,,,codes/NiliFossae/MoE-Mamba/DPN/16/all.npz,
NiliFossae,MoE-Mamba,DPN,32,cls,yes,,,,codes/NiliFossae/MoE-Mamba/DPN/32/cls.npz,
NiliFossae,MoE-Mamba,DPN,32,all,yes,,,,codes/NiliFossae/MoE-Mamba/DPN/32/all.npz,
NiliFossae,MoE-Mamba,DPN,64,cls,yes,,,,codes/NiliFossae/MoE-Mamba/DPN/64/cls.npz,
NiliFossae,MoE-Mamba,DPN,64,all,yes,,,,codes/NiliFossae/MoE-Mamba/DPN/64/all.npz,
NiliFossae,MoE-Mamba,DSH,16,cls,yes,,,,codes/NiliFossae/MoE-Mamba/DSH/16/cls.npz,
NiliFossae,MoE-Mamba,DSH,16,all,yes,,,,codes/NiliFossae/MoE-Mamba/DSH/16/all.npz,
NiliFossae,MoE-Mamba,DSH,32,cls,yes,,,,codes/NiliFossae/MoE-Mamba/DSH/32/cls.npz,
NiliFossae,MoE-Mamba,DSH,32,all,yes,,,,codes/NiliFossae/MoE-Mamba/DSH/32/all.npz,
NiliFossae,MoE-Mamba,DSH,64,cls,yes,,,,codes/NiliFossae/MoE-Mamba/DSH/64/cls.npz,
NiliFossae,MoE-Mamba,DSH,64,all,yes,,,,codes/NiliFossae/MoE-Mamba/DSH/64/all.npz,
NiliFossae,MoE-Mamba,GreedyHash,16,cls,yes,,,,codes/NiliFossae/MoE-Mamba/GreedyHash/16/cls.npz,
NiliFossae,MoE-Mamba,GreedyHash,16,all,yes,,,,codes/NiliFossae/MoE-Mamba/GreedyHash/16/all.npz,
NiliFossae,MoE-Mamba,GreedyHash,32,cls,yes,,,,codes/NiliFossae/MoE-Mamba/GreedyHash/32/cls.npz,
NiliFossae,MoE-Mamba,GreedyHash,32,all,yes,,,,codes/NiliFossae/MoE-Mamba/GreedyHash/32/all.npz,
NiliFossae,MoE-Mamba,GreedyHash,64,cls,yes,,,,codes/NiliFossae/MoE-Mamba/GreedyHash/64/cls.npz,
NiliFossae,MoE-Mamba,GreedyHash,64,all,yes,,,,codes/NiliFossae/MoE-Mamba/GreedyHash/64/all.npz,
NiliFossae,MoE-Mamba,HashNet,16,cls,yes,,,,codes/NiliFossae/MoE-Mamba/HashNet/16/cls.npz,
NiliFossae,MoE-Mamba,HashNet,16,all,yes,,,,codes/NiliFossae/MoE-Mamba/HashNet/16/all.npz,
NiliFossae,MoE-Mamba,HashNet,32,cls,yes,,,,codes/NiliFossae/MoE-Mamba/HashNet/32/cls.npz,
NiliFossae,MoE-Mamba,HashNet,32,all,yes,,,,codes/NiliFossae/MoE-Mamba/HashNet/32/all.npz,
NiliFossae,MoE-Mamba,HashNet,64,cls,yes,,,,codes/NiliFossae/MoE-Mamba/HashNet/64/cls.npz,
NiliFossae,MoE-Mamba,HashNet,64,all,yes,,,,codes/NiliFossae/MoE-Mamba/HashNet/64/all.npz,
NiliFossae,MoE-Mamba,IDHN,16,cls,yes,,,,codes/NiliFossae/MoE-Mamba/IDHN/16/cls.npz,
NiliFossae,MoE-Mamba,IDHN,16,all,yes,,,,codes/NiliFossae/MoE-Mamba/IDHN/16/all.npz,
NiliFossae,MoE-Mamba,IDHN,32,cls,yes,,,,codes/NiliFossae/MoE-Mamba/IDHN/32/cls.npz,
NiliFossae,MoE-Mamba,IDHN,32,all,yes,,,,codes/NiliFossae/MoE-Mamba/IDHN/32/all.npz,
NiliFossae,MoE-Mamba,IDHN,64,cls,yes,,,,codes/NiliFossae/MoE-Mamba/IDHN/64/cls.npz,
NiliFossae,MoE-Mamba,IDHN,64,all,yes,,,,codes/NiliFossae/MoE-Mamba/IDHN/64/all.npz,
NiliFossae,MoE-Mamba,OrthoHash,16,cls,yes,,,,codes/NiliFossae/MoE-Mamba/OrthoHash/16/cls.npz,
NiliFossae,MoE-Mamba,OrthoHash,16,all,yes,,,,codes/NiliFossae/MoE-Mamba/OrthoHash/16/all.npz,
NiliFossae,MoE-Mamba,OrthoHash,32,cls,yes,,,,codes/NiliFossae/MoE-Mamba/OrthoHash/32/cls.npz,
NiliFossae,MoE-Mamba,OrthoHash,32,all,yes,,,,codes/NiliFossae/MoE-Mamba/OrthoHash/32/all.npz,
NiliFossae,MoE-Mamba,OrthoHash,64,cls,yes,,,,codes/NiliFossae/MoE-Mamba/OrthoHash/64/cls.npz,
NiliFossae,MoE-Mamba,OrthoHash,64,all,yes,,,,codes/NiliFossae/MoE-Mamba/OrthoHash/64/all.npz,
NiliFossae,MoE-Mamba,DSPCH,16,cls,yes,,,,codes/NiliFossae/MoE-Mamba/DSPCH/16/cls.npz,
NiliFossae,MoE-Mamba,DSPCH,16,all,yes,,,,codes/NiliFossae/MoE-Mamba/DSPCH/16/all.npz,
NiliFossae,MoE-Mamba,DSPCH,32,cls,yes,,,,codes/NiliFossae/MoE-Mamba/DSPCH/32/cls.npz,
NiliFossae,MoE-Mamba,DSPCH,32,all,yes,,,,codes/NiliFossae/MoE-Mamba/DSPCH/32/all.npz,
NiliFossae,MoE-Mamba,DSPCH,64,cls,yes,,,,codes/NiliFossae/MoE-Mamba/DSPCH/64/cls.npz,
NiliFossae,MoE-Mamba,DSPCH,64,all,yes,,,,codes/NiliFossae/MoE-Mamba/DSPCH/64/all.npz,
NiliFossae,MoE-Mamba,DHNN,16,cls,yes,,,,codes/NiliFossae/MoE-Mamba/DHNN/16/cls.npz,
NiliFossae,MoE-Mamba,DHNN,16,all,yes,,,,codes/NiliFossae/MoE-Mamba/DHNN/16/all.npz,
NiliFossae,MoE-Mamba,DHNN,32,cls,yes,,,,codes/NiliFossae/MoE-Mamba/DHNN/32/cls.npz,
NiliFossae,MoE-Mamba,DHNN,32,all,yes,,,,codes/NiliFossae/MoE-Mamba/DHNN/32/all.npz,
NiliFossae,MoE-Mamba,DHNN,64,cls,yes,,,,codes/NiliFossae/MoE-Mamba/DHNN/64/cls.npz,
NiliFossae,MoE-Mamba,DHNN,64,all,yes,,,,codes/NiliFossae/MoE-Mamba/DHNN/64/all.npz,
NiliFossae,SSRN,CSQ,16,cls,yes,,,,codes/NiliFossae/SSRN/CSQ/16/cls.npz,
NiliFossae,SSRN,CSQ,16,all,yes,,,,codes/NiliFossae/SSRN/CSQ/16/all.npz,
NiliFossae,SSRN,CSQ,32,cls,yes,,,,codes/NiliFossae/SSRN/CSQ/32/cls.npz,
NiliFossae,SSRN,CSQ,32,all,yes,,,,codes/NiliFossae/SSRN/CSQ/32/all.npz,
NiliFossae,SSRN,CSQ,64,cls,yes,,,,codes/NiliFossae/SSRN/CSQ/64/cls.npz,
NiliFossae,SSRN,CSQ,64,all,yes,,,,codes/NiliFossae/SSRN/CSQ/64/all.npz,
NiliFossae,SSRN,DPN,16,cls,yes,,,,codes/NiliFossae/SSRN/DPN/16/cls.npz,
NiliFossae,SSRN,DPN,16,all,yes,,,,codes/NiliFossae/SSRN/DPN/16/all.npz,
NiliFossae,SSRN,DPN,32,cls,yes,,,,codes/NiliFossae/SSRN/DPN/32/cls.npz,
NiliFossae,SSRN,DPN,32,all,yes,,,,codes/NiliFossae/SSRN/DPN/32/all.npz,
NiliFossae,SSRN,DPN,64,cls,yes,,,,codes/NiliFossae/SSRN/DPN/64/cls.npz,
NiliFossae,SSRN,DPN,64,all,yes,,,,codes/NiliFossae/SSRN/DPN/64/all.npz,
NiliFossae,SSRN,DSH,16,cls,yes,,,,codes/NiliFossae/SSRN/DSH/16/cls.npz,
NiliFossae,SSRN,DSH,16,all,yes,,,,codes/NiliFossae/SSRN/DSH/16/all.npz,
NiliFossae,SSRN,DSH,32,cls,yes,,,,codes/NiliFossae/SSRN/DSH/32/cls.npz,
NiliFossae,SSRN,DSH,32,all,yes,,,,codes/NiliFossae/SSRN/DSH/32/all.npz,
NiliFossae,SSRN,DSH,64,cls,yes,,,,codes/NiliFossae/SSRN/DSH/64/cls.npz,
NiliFossae,SSRN,DSH,64,all,yes,,,,codes/NiliFossae/SSRN/DSH/64/all.npz,
NiliFossae,SSRN,GreedyHash,16,cls,yes,,,,codes/NiliFossae/SSRN/GreedyHash/16/cls.npz,
NiliFossae,SSRN,GreedyHash,16,all,yes,,,,codes/NiliFossae/SSRN/GreedyHash/16/all.npz,
NiliFossae,SSRN,GreedyHash,32,cls,yes,,,,codes/NiliFossae/SSRN/GreedyHash/32/cls.npz,
NiliFossae,SSRN,GreedyHash,32,all,yes,,,,codes/NiliFossae/SSRN/GreedyHash/32/all.npz,
NiliFossae,SSRN,GreedyHash,64,cls,yes,,,,codes/NiliFossae/SSRN/GreedyHash/64/cls.npz,
NiliFossae,SSRN,GreedyHash,64,all,yes,,,,codes/NiliFossae/SSRN/GreedyHash/64/all.npz,
NiliFossae,SSRN,HashNet,16,cls,yes,,,,codes/NiliFossae/SSRN/HashNet/16/cls.npz,
NiliFossae,SSRN,HashNet,16,all,yes,,,,codes/NiliFossae/SSRN/HashNet/16/all.npz,
NiliFossae,SSRN,HashNet,32,cls,yes,,,,codes/NiliFossae/SSRN/HashNet/32/cls.npz,
NiliFossae,SSRN,HashNet,32,all,yes,,,,codes/NiliFossae/SSRN/HashNet/32/all.npz,
NiliFossae,SSRN,HashNet,64,cls,yes,,,,codes/NiliFossae/SSRN/HashNet/64/cls.npz,
NiliFossae,SSRN,HashNet,64,all,yes,,,,codes/NiliFossae/SSRN/HashNet/64/all.npz,
NiliFossae,SSRN,IDHN,16,cls,yes,,,,codes/NiliFossae/SSRN/IDHN/16/cls.npz,
NiliFossae,SSRN,IDHN,16,all,yes,,,,codes/NiliFossae/SSRN/IDHN/16/all.npz,
NiliFossae,SSRN,IDHN,32,cls,yes,,,,codes/NiliFossae/SSRN/IDHN/32/cls.npz,
NiliFossae,SSRN,IDHN,32,all,yes,,,,codes/NiliFossae/SSRN/IDHN/32/all.npz,
NiliFossae,SSRN,IDHN,64,cls,yes,,,,codes/NiliFossae/SSRN/IDHN/64/cls.npz,
NiliFossae,SSRN,IDHN,64,all,yes,,,,codes/NiliFossae/SSRN/IDHN/64/all.npz,
NiliFossae,SSRN,OrthoHash,16,cls,yes,,,,codes/NiliFossae/SSRN/OrthoHash/16/cls.npz,
NiliFossae,SSRN,OrthoHash,16,all,yes,,,,codes/NiliFossae/SSRN/OrthoHash/16/all.npz,
NiliFossae,SSRN,OrthoHash,32,cls,yes,,,,codes/NiliFossae/SSRN/OrthoHash/32/cls.npz,
NiliFossae,SSRN,OrthoHash,32,all,yes,,,,codes/NiliFossae/SSRN/OrthoHash/32/all.npz,
NiliFossae,SSRN,OrthoHash,64,cls,yes,,,,codes/NiliFossae/SSRN/OrthoHash/64/cls.npz,
NiliFossae,SSRN,OrthoHash,64,all,yes,,,,codes/NiliFossae/SSRN/OrthoHash/64/all.npz,
NiliFossae,SSRN,DSPCH,16,cls,yes,,,,codes/NiliFossae/SSRN/DSPCH/16/cls.npz,
NiliFossae,SSRN,DSPCH,16,all,yes,,,,codes/NiliFossae/SSRN/DSPCH/16/all.npz,
NiliFossae,SSRN,DSPCH,32,cls,yes,,,,codes/NiliFossae/SSRN/DSPCH/32/cls.npz,
NiliFossae,SSRN,DSPCH,32,all,yes,,,,codes/NiliFossae/SSRN/DSPCH/32/all.npz,
NiliFossae,SSRN,DSPCH,64,cls,yes,,,,codes/NiliFossae/SSRN/DSPCH/64/cls.npz,
NiliFossae,SSRN,DSPCH,64,all,yes,,,,codes/NiliFossae/SSRN/DSPCH/64/all.npz,
NiliFossae,SSRN,DHNN,16,cls,yes,,,,codes/NiliFossae/SSRN/DHNN/16/cls.npz,
NiliFossae,SSRN,DHNN,16,all,yes,,,,codes/NiliFossae/SSRN/DHNN/16/all.npz,
NiliFossae,SSRN,DHNN,32,cls,yes,,,,codes/NiliFossae/SSRN/DHNN/32/cls.npz,
NiliFossae,SSRN,DHNN,32,all,yes,,,,codes/NiliFossae/SSRN/DHNN/32/all.npz,
NiliFossae,SSRN,DHNN,64,cls,yes,,,,codes/NiliFossae/SSRN/DHNN/64/cls.npz,
NiliFossae,SSRN,DHNN,64,all,yes,,,,codes/NiliFossae/SSRN/DHNN/64/all.npz,
NiliFossae,A2S2KResNet,CSQ,16,cls,yes,,,,codes/NiliFossae/A2S2KResNet/CSQ/16/cls.npz,
NiliFossae,A2S2KResNet,CSQ,16,all,yes,,,,codes/NiliFossae/A2S2KResNet/CSQ/16/all.npz,
NiliFossae,A2S2KResNet,CSQ,32,cls,yes,,,,codes/NiliFossae/A2S2KResNet/CSQ/32/cls.npz,
NiliFossae,A2S2KResNet,CSQ,32,all,yes,,,,codes/NiliFossae/A2S2KResNet/CSQ/32/all.npz,
NiliFossae,A2S2KResNet,CSQ,64,cls,yes,,,,codes/NiliFossae/A2S2KResNet/CSQ/64/cls.npz,
NiliFossae,A2S2KResNet,CSQ,64,all,yes,,,,codes/NiliFossae/A2S2KResNet/CSQ/64/all.npz,
NiliFossae,A2S2KResNet,DPN,16,cls,yes,,,,codes/NiliFossae/A2S2KResNet/DPN/16/cls.npz,
NiliFossae,A2S2KResNet,DPN,16,all,yes,,,,codes/NiliFossae/A2S2KResNet/DPN/16/all.npz,
NiliFossae,A2S2KResNet,DPN,32,cls,yes,,,,codes/NiliFossae/A2S2KResNet/DPN/32/cls.npz,
NiliFossae,A2S2KResNet,DPN,32,all,yes,,,,codes/NiliFossae/A2S2KResNet/DPN/32/all.npz,
NiliFossae,A2S2KResNet,DPN,64,cls,yes,,,,codes/NiliFossae/A2S2KResNet/DPN/64/cls.npz,
NiliFossae,A2S2KResNet,DPN,64,all,yes,,,,codes/NiliFossae/A2S2KResNet/DPN/64/all.npz,
NiliFossae,A2S2KResNet,DSH,16,cls,yes,,,,codes/NiliFossae/A2S2KResNet/DSH/16/cls.npz,
NiliFossae,A2S2KResNet,DSH,16,all,yes,,,,codes/NiliFossae/A2S2KResNet/DSH/16/all.npz,
NiliFossae,A2S2KResNet,DSH,32,cls,yes,,,,codes/NiliFossae/A2S2KResNet/DSH/32/cls.npz,
NiliFossae,A2S2KResNet,DSH,32,all,yes,,,,codes/NiliFossae/A2S2KResNet/DSH/32/all.npz,
NiliFossae,A2S2KResNet,DSH,64,cls,yes,,,,codes/NiliFossae/A2S2KResNet/DSH/64/cls.npz,
NiliFossae,A2S2KResNet,DSH,64,all,yes,,,,codes/NiliFossae/A2S2KResNet/DSH/64/all.npz,
NiliFossae,A2S2KResNet,GreedyHash,16,cls,yes,,,,codes/NiliFossae/A2S2KResNet/GreedyHash/16/cls.npz,
NiliFossae,A2S2KResNet,GreedyHash,16,all,yes,,,,codes/NiliFossae/A2S2KResNet/GreedyHash/16/all.npz,
NiliFossae,A2S2KResNet,GreedyHash,32,cls,yes,,,,codes/NiliFossae/A2S2KResNet/GreedyHash/32/cls.npz,
NiliFossae,A2S2KResNet,GreedyHash,32,all,yes,,,,codes/NiliFossae/A2S2KResNet/GreedyHash/32/all.npz,
NiliFossae,A2S2KResNet,GreedyHash,64,cls,yes,,,,codes/NiliFossae/A2S2KResNet/GreedyHash/64/cls.npz,
NiliFossae,A2S2KResNet,GreedyHash,64,all,yes,,,,codes/NiliFossae/A2S2KResNet/GreedyHash/64/all.npz,
NiliFossae,A2S2KResNet,HashNet,16,cls,yes,,,,codes/NiliFossae/A2S2KResNet/HashNet/16/cls.npz,
NiliFossae,A2S2KResNet,HashNet,16,all,yes,,,,codes/NiliFossae/A2S2KResNet/HashNet/16/all.npz,
NiliFossae,A2S2KResNet,HashNet,32,cls,yes,,,,codes/NiliFossae/A2S2KResNet/HashNet/32/cls.npz,
NiliFossae,A2S2KResNet,HashNet,32,all,yes,,,,codes/NiliFossae/A2S2KResNet/HashNet/32/all.npz,
NiliFossae,A2S2KResNet,HashNet,64,cls,yes,,,,codes/NiliFossae/A2S2KResNet/HashNet/64/cls.npz,
NiliFossae,A2S2KResNet,HashNet,64,all,yes,,,,codes/NiliFossae/A2S2KResNet/HashNet/64/all.npz,
NiliFossae,A2S2KResNet,IDHN,16,cls,yes,,,,codes/NiliFossae/A2S2KResNet/IDHN/16/cls.npz,
NiliFossae,A2S2KResNet,IDHN,16,all,yes,,,,codes/NiliFossae/A2S2KResNet/IDHN/16/all.npz,
NiliFossae,A2S2KResNet,IDHN,32,cls,yes,,,,codes/NiliFossae/A2S2KResNet/IDHN/32/cls.npz,
NiliFossae,A2S2KResNet,IDHN,32,all,yes,,,,codes/NiliFossae/A2S2KResNet/IDHN/32/all.npz,
NiliFossae,A2S2KResNet,IDHN,64,cls,yes,,,,codes/NiliFossae/A2S2KResNet/IDHN/64/cls.npz,
NiliFossae,A2S2KResNet,IDHN,64,all,yes,,,,codes/NiliFossae/A2S2KResNet/IDHN/64/all.npz,
NiliFossae,A2S2KResNet,OrthoHash,16,cls,yes,,,,codes/NiliFossae/A2S2KResNet/OrthoHash/16/cls.npz,
NiliFossae,A2S2KResNet,OrthoHash,16,all,yes,,,,codes/NiliFossae/A2S2KResNet/OrthoHash/16/all.npz,
NiliFossae,A2S2KResNet,OrthoHash,32,cls,yes,,,,codes/NiliFossae/A2S2KResNet/OrthoHash/32/cls.npz,
NiliFossae,A2S2KResNet,OrthoHash,32,all,yes,,,,codes/NiliFossae/A2S2KResNet/OrthoHash/32/all.npz,
NiliFossae,A2S2KResNet,OrthoHash,64,cls,yes,,,,codes/NiliFossae/A2S2KResNet/OrthoHash/64/cls.npz,
NiliFossae,A2S2KResNet,OrthoHash,64,all,yes,,,,codes/NiliFossae/A2S2KResNet/OrthoHash/64/all.npz,
NiliFossae,A2S2KResNet,DSPCH,16,cls,yes,,,,codes/NiliFossae/A2S2KResNet/DSPCH/16/cls.npz,
NiliFossae,A2S2KResNet,DSPCH,16,all,yes,,,,codes/NiliFossae/A2S2KResNet/DSPCH/16/all.npz,
NiliFossae,A2S2KResNet,DSPCH,32,cls,yes,,,,codes/NiliFossae/A2S2KResNet/DSPCH/32/cls.npz,
NiliFossae,A2S2KResNet,DSPCH,32,all,yes,,,,codes/NiliFossae/A2S2KResNet/DSPCH/32/all.npz,
NiliFossae,A2S2KResNet,DSPCH,64,cls,yes,,,,codes/NiliFossae/A2S2KResNet/DSPCH/64/cls.npz,
NiliFossae,A2S2KResNet,DSPCH,64,all,yes,,,,codes/NiliFossae/A2S2KResNet/DSPCH/64/all.npz,
NiliFossae,A2S2KResNet,DHNN,16,cls,yes,,,,codes/NiliFossae/A2S2KResNet/DHNN/16/cls.npz,
NiliFossae,A2S2KResNet,DHNN,16,all,yes,,,,codes/NiliFossae/A2S2KResNet/DHNN/16/all.npz,
NiliFossae,A2S2KResNet,DHNN,32,cls,yes,,,,codes/NiliFossae/A2S2KResNet/DHNN/32/cls.npz,
NiliFossae,A2S2KResNet,DHNN,32,all,yes,,,,codes/NiliFossae/A2S2KResNet/DHNN/32/all.npz,
NiliFossae,A2S2KResNet,DHNN,64,cls,yes,,,,codes/NiliFossae/A2S2KResNet/DHNN/64/cls.npz,
NiliFossae,A2S2KResNet,DHNN,64,all,yes,,,,codes/NiliFossae/A2S2KResNet/DHNN/64/all.npz,
NiliFossae,ContextualNet,CSQ,16,cls,yes,,,,codes/NiliFossae/ContextualNet/CSQ/16/cls.npz,
NiliFossae,ContextualNet,CSQ,16,all,yes,,,,codes/NiliFossae/ContextualNet/CSQ/16/all.npz,
NiliFossae,ContextualNet,CSQ,32,cls,yes,,,,codes/NiliFossae/ContextualNet/CSQ/32/cls.npz,
NiliFossae,ContextualNet,CSQ,32,all,yes,,,,codes/NiliFossae/ContextualNet/CSQ/32/all.npz,
NiliFossae,ContextualNet,CSQ,64,cls,yes,,,,codes/NiliFossae/ContextualNet/CSQ/64/cls.npz,
NiliFossae,ContextualNet,CSQ,64,all,yes,,,,codes/NiliFossae/ContextualNet/CSQ/64/all.npz,
NiliFossae,ContextualNet,DPN,16,cls,yes,,,,codes/NiliFossae/ContextualNet/DPN/16/cls.npz,
NiliFossae,ContextualNet,DPN,16,all,yes,,,,codes/NiliFossae/ContextualNet/DPN/16/all.npz,
NiliFossae,ContextualNet,DPN,32,cls,yes,,,,codes/NiliFossae/ContextualNet/DPN/32/cls.npz,
NiliFossae,ContextualNet,DPN,32,all,yes,,,,codes/NiliFossae/ContextualNet/DPN/32/all.npz,
NiliFossae,ContextualNet,DPN,64,cls,yes,,,,codes/NiliFossae/ContextualNet/DPN/64/cls.npz,
NiliFossae,ContextualNet,DPN,64,all,yes,,,,codes/NiliFossae/ContextualNet/DPN/64/all.npz,
NiliFossae,ContextualNet,DSH,16,cls,yes,,,,codes/NiliFossae/ContextualNet/DSH/16/cls.npz,
NiliFossae,ContextualNet,DSH,16,all,yes,,,,codes/NiliFossae/ContextualNet/DSH/16/all.npz,
NiliFossae,ContextualNet,DSH,32,cls,yes,,,,codes/NiliFossae/ContextualNet/DSH/32/cls.npz,
NiliFossae,ContextualNet,DSH,32,all,yes,,,,codes/NiliFossae/ContextualNet/DSH/32/all.npz,
NiliFossae,ContextualNet,DSH,64,cls,yes,,,,codes/NiliFossae/ContextualNet/DSH/64/cls.npz,
NiliFossae,ContextualNet,DSH,64,all,yes,,,,codes/NiliFossae/ContextualNet/DSH/64/all.npz,
NiliFossae,ContextualNet,GreedyHash,16,cls,yes,,,,codes/NiliFossae/ContextualNet/GreedyHash/16/cls.npz,
NiliFossae,ContextualNet,GreedyHash,16,all,yes,,,,codes/NiliFossae/ContextualNet/GreedyHash/16/all.npz,
NiliFossae,ContextualNet,GreedyHash,32,cls,yes,,,,codes/NiliFossae/ContextualNet/GreedyHash/32/cls.npz,
NiliFossae,ContextualNet,GreedyHash,32,all,yes,,,,codes/NiliFossae/ContextualNet/GreedyHash/32/all.npz,
NiliFossae,ContextualNet,GreedyHash,64,cls,yes,,,,codes/NiliFossae/ContextualNet/GreedyHash/64/cls.npz,
NiliFossae,ContextualNet,GreedyHash,64,all,yes,,,,codes/NiliFossae/ContextualNet/GreedyHash/64/all.npz,
NiliFossae,ContextualNet,HashNet,16,cls,yes,,,,codes/NiliFossae/ContextualNet/HashNet/16/cls.npz,
NiliFossae,ContextualNet,HashNet,16,all,yes,,,,codes/NiliFossae/ContextualNet/HashNet/16/all.npz,
NiliFossae,ContextualNet,HashNet,32,cls,yes,,,,codes/NiliFossae/ContextualNet/HashNet/32/cls.npz,
NiliFossae,ContextualNet,HashNet,32,all,yes,,,,codes/NiliFossae/ContextualNet/HashNet/32/all.npz,
NiliFossae,ContextualNet,HashNet,64,cls,yes,,,,codes/NiliFossae/ContextualNet/HashNet/64/cls.npz,
NiliFossae,ContextualNet,HashNet,64,all,yes,,,,codes/NiliFossae/ContextualNet/HashNet/64/all.npz,
NiliFossae,ContextualNet,IDHN,16,cls,yes,,,,codes/NiliFossae/ContextualNet/IDHN/16/cls.npz,
NiliFossae,ContextualNet,IDHN,16,all,yes,,,,codes/NiliFossae/ContextualNet/IDHN/16/all.npz,
NiliFossae,ContextualNet,IDHN,32,cls,yes,,,,codes/NiliFossae/ContextualNet/IDHN/32/cls.npz,
NiliFossae,ContextualNet,IDHN,32,all,yes,,,,codes/NiliFossae/ContextualNet/IDHN/32/all.npz,
NiliFossae,ContextualNet,IDHN,64,cls,yes,,,,codes/NiliFossae/ContextualNet/IDHN/64/cls.npz,
NiliFossae,ContextualNet,IDHN,64,all,yes,,,,codes/NiliFossae/ContextualNet/IDHN/64/all.npz,
NiliFossae,ContextualNet,OrthoHash,16,cls,yes,,,,codes/NiliFossae/ContextualNet/OrthoHash/16/cls.npz,
NiliFossae,ContextualNet,OrthoHash,16,all,yes,,,,codes/NiliFossae/ContextualNet/OrthoHash/16/all.npz,
NiliFossae,ContextualNet,OrthoHash,32,cls,yes,,,,codes/NiliFossae/ContextualNet/OrthoHash/32/cls.npz,
NiliFossae,ContextualNet,OrthoHash,32,all,yes,,,,codes/NiliFossae/ContextualNet/OrthoHash/32/all.npz,
NiliFossae,ContextualNet,OrthoHash,64,cls,yes,,,,codes/NiliFossae/ContextualNet/OrthoHash/64/cls.npz,
NiliFossae,ContextualNet,OrthoHash,64,all,yes,,,,codes/NiliFossae/ContextualNet/OrthoHash/64/all.npz,
NiliFossae,ContextualNet,DSPCH,16,cls,yes,,,,codes/NiliFossae/ContextualNet/DSPCH/16/cls.npz,
NiliFossae,ContextualNet,DSPCH,16,all,yes,,,,codes/NiliFossae/ContextualNet/DSPCH/16/all.npz,
NiliFossae,ContextualNet,DSPCH,32,cls,yes,,,,codes/NiliFossae/ContextualNet/DSPCH/32/cls.npz,
NiliFossae,ContextualNet,DSPCH,32,all,yes,,,,codes/NiliFossae/ContextualNet/DSPCH/32/all.npz,
NiliFossae,ContextualNet,DSPCH,64,cls,yes,,,,codes/NiliFossae/ContextualNet/DSPCH/64/cls.npz,
NiliFossae,ContextualNet,DSPCH,64,all,yes,,,,codes/NiliFossae/ContextualNet/DSPCH/64/all.npz,
NiliFossae,ContextualNet,DHNN,16,cls,yes,,,,codes/NiliFossae/ContextualNet/DHNN/16/cls.npz,
NiliFossae,ContextualNet,DHNN,16,all,yes,,,,codes/NiliFossae/ContextualNet/DHNN/16/all.npz,
NiliFossae,ContextualNet,DHNN,32,cls,yes,,,,codes/NiliFossae/ContextualNet/DHNN/32/cls.npz,
NiliFossae,ContextualNet,DHNN,32,all,yes,,,,codes/NiliFossae/ContextualNet/DHNN/32/all.npz,
NiliFossae,ContextualNet,DHNN,64,cls,yes,,,,codes/NiliFossae/ContextualNet/DHNN/64/cls.npz,
NiliFossae,ContextualNet,DHNN,64,all,yes,,,,codes/NiliFossae/ContextualNet/DHNN/64/all.npz,
NiliFossae,CNN-2D,CSQ,16,cls,yes,,,,codes/NiliFossae/CNN-2D/CSQ/16/cls.npz,
NiliFossae,CNN-2D,CSQ,16,all,yes,,,,codes/NiliFossae/CNN-2D/CSQ/16/all.npz,
NiliFossae,CNN-2D,CSQ,32,cls,yes,,,,codes/NiliFossae/CNN-2D/CSQ/32/cls.npz,
NiliFossae,CNN-2D,CSQ,32,all,yes,,,,codes/NiliFossae/CNN-2D/CSQ/32/all.npz,
NiliFossae,CNN-2D,CSQ,64,cls,yes,,,,codes/NiliFossae/CNN-2D/CSQ/64/cls.npz,
NiliFossae,CNN-2D,CSQ,64,all,yes,,,,codes/NiliFossae/CNN-2D/CSQ/64/all.npz,
NiliFossae,CNN-2D,DPN,16,cls,yes,,,,codes/NiliFossae/CNN-2D/DPN/16/cls.npz,
NiliFossae,CNN-2D,DPN,16,all,yes,,,,codes/NiliFossae/CNN-2D/DPN/16/all.npz,
NiliFossae,CNN-2D,DPN,32,cls,yes,,,,codes/NiliFossae/CNN-2D/DPN/32/cls.npz,
NiliFossae,CNN-2D,DPN,32,all,yes,,,,codes/NiliFossae/CNN-2D/DPN/32/all.npz,
NiliFossae,CNN-2D,DPN,64,cls,yes,,,,codes/NiliFossae/CNN-2D/DPN/64/cls.npz,
NiliFossae,CNN-2D,DPN,64,all,yes,,,,codes/NiliFossae/CNN-2D/DPN/64/all.npz,
NiliFossae,CNN-2D,DSH,16,cls,yes,,,,codes/NiliFossae/CNN-2D/DSH/16/cls.npz,
NiliFossae,CNN-2D,DSH,16,all,yes,,,,codes/NiliFossae/CNN-2D/DSH/16/all.npz,
NiliFossae,CNN-2D,DSH,32,cls,yes,,,,codes/NiliFossae/CNN-2D/DSH/32/cls.npz,
NiliFossae,CNN-2D,DSH,32,all,yes,,,,codes/NiliFossae/CNN-2D/DSH/32/all.npz,
NiliFossae,CNN-2D,DSH,64,cls,yes,,,,codes/NiliFossae/CNN-2D/DSH/64/cls.npz,
NiliFossae,CNN-2D,DSH,64,all,yes,,,,codes/NiliFossae/CNN-2D/DSH/64/all.npz,
NiliFossae,CNN-2D,GreedyHash,16,cls,yes,,,,codes/NiliFossae/CNN-2D/GreedyHash/16/cls.npz,
NiliFossae,CNN-2D,GreedyHash,16,all,yes,,,,codes/NiliFossae/CNN-2D/GreedyHash/16/all.npz,
NiliFossae,CNN-2D,GreedyHash,32,cls,yes,,,,codes/NiliFossae/CNN-2D/GreedyHash/32/cls.npz,
NiliFossae,CNN-2D,GreedyHash,32,all,yes,,,,codes/NiliFossae/CNN-2D/GreedyHash/32/all.npz,
NiliFossae,CNN-2D,GreedyHash,64,cls,yes,,,,codes/NiliFossae/CNN-2D/GreedyHash/64/cls.npz,
NiliFossae,CNN-2D,GreedyHash,64,all,yes,,,,codes/NiliFossae/CNN-2D/GreedyHash/64/all.npz,
NiliFossae,CNN-2D,HashNet,16,cls,yes,,,,codes/NiliFossae/CNN-2D/HashNet/16/cls.npz,
NiliFossae,CNN-2D,HashNet,16,all,yes,,,,codes/NiliFossae/CNN-2D/HashNet/16/all.npz,
NiliFossae,CNN-2D,HashNet,32,cls,yes,,,,codes/NiliFossae/CNN-2D/HashNet/32/cls.npz,
NiliFossae,CNN-2D,HashNet,32,all,yes,,,,codes/NiliFossae/CNN-2D/HashNet/32/all.npz,
NiliFossae,CNN-2D,HashNet,64,cls,yes,,,,codes/NiliFossae/CNN-2D/HashNet/64/cls.npz,
NiliFossae,CNN-2D,HashNet,64,all,yes,,,,codes/NiliFossae/CNN-2D/HashNet/64/all.npz,
NiliFossae,CNN-2D,IDHN,16,cls,yes,,,,codes/NiliFossae/CNN-2D/IDHN/16/cls.npz,
NiliFossae,CNN-2D,IDHN,16,all,yes,,,,codes/NiliFossae/CNN-2D/IDHN/16/all.npz,
NiliFossae,CNN-2D,IDHN,32,cls,yes,,,,codes/NiliFossae/CNN-2D/IDHN/32/cls.npz,
NiliFossae,CNN-2D,IDHN,32,all,yes,,,,codes/NiliFossae/CNN-2D/IDHN/32/all.npz,
NiliFossae,CNN-2D,IDHN,64,cls,yes,,,,codes/NiliFossae/CNN-2D/IDHN/64/cls.npz,
NiliFossae,CNN-2D,IDHN,64,all,yes,,,,codes/NiliFossae/CNN-2D/IDHN/64/all.npz,
NiliFossae,CNN-2D,OrthoHash,16,cls,yes,,,,codes/NiliFossae/CNN-2D/OrthoHash/16/cls.npz,
NiliFossae,CNN-2D,OrthoHash,16,all,yes,,,,codes/NiliFossae/CNN-2D/OrthoHash/16/all.npz,
NiliFossae,CNN-2D,OrthoHash,32,cls,yes,,,,codes/NiliFossae/CNN-2D/OrthoHash/32/cls.npz,
NiliFossae,CNN-2D,OrthoHash,32,all,yes,,,,codes/NiliFossae/CNN-2D/OrthoHash/32/all.npz,
NiliFossae,CNN-2D,OrthoHash,64,cls,yes,,,,codes/NiliFossae/CNN-2D/OrthoHash/64/cls.npz,
NiliFossae,CNN-2D,OrthoHash,64,all,yes,,,,codes/NiliFossae/CNN-2D/OrthoHash/64/all.npz,
NiliFossae,CNN-2D,DSPCH,16,cls,yes,,,,codes/NiliFossae/CNN-2D/DSPCH/16/cls.npz,
NiliFossae,CNN-2D,DSPCH,16,all,yes,,,,codes/NiliFossae/CNN-2D/DSPCH/16/all.npz,
NiliFossae,CNN-2D,DSPCH,32,cls,yes,,,,codes/NiliFossae/CNN-2D/DSPCH/32/cls.npz,
NiliFossae,CNN-2D,DSPCH,32,all,yes,,,,codes/NiliFossae/CNN-2D/DSPCH/32/all.npz,
NiliFossae,CNN-2D,DSPCH,64,cls,yes,,,,codes/NiliFossae/CNN-2D/DSPCH/64/cls.npz,
NiliFossae,CNN-2D,DSPCH,64,all,yes,,,,codes/NiliFossae/CNN-2D/DSPCH/64/all.npz,
NiliFossae,CNN-2D,DHNN,16,cls,yes,,,,codes/NiliFossae/CNN-2D/DHNN/16/cls.npz,
NiliFossae,CNN-2D,DHNN,16,all,yes,,,,codes/NiliFossae/CNN-2D/DHNN/16/all.npz,
NiliFossae,CNN-2D,DHNN,32,cls,yes,,,,codes/NiliFossae/CNN-2D/DHNN/32/cls.npz,
NiliFossae,CNN-2D,DHNN,32,all,yes,,,,codes/NiliFossae/CNN-2D/DHNN/32/all.npz,
NiliFossae,CNN-2D,DHNN,64,cls,yes,,,,codes/NiliFossae/CNN-2D/DHNN/64/cls.npz,
NiliFossae,CNN-2D,DHNN,64,all,yes,,,,codes/NiliFossae/CNN-2D/DHNN/64/all.npz,
NiliFossae,CNN-3D,CSQ,16,cls,yes,,,,codes/NiliFossae/CNN-3D/CSQ/16/cls.npz,
NiliFossae,CNN-3D,CSQ,16,all,yes,,,,codes/NiliFossae/CNN-3D/CSQ/16/all.npz,
NiliFossae,CNN-3D,CSQ,32,cls,yes,,,,codes/NiliFossae/CNN-3D/CSQ/32/cls.npz,
NiliFossae,CNN-3D,CSQ,32,all,yes,,,,codes/NiliFossae/CNN-3D/CSQ/32/all.npz,
NiliFossae,CNN-3D,CSQ,64,cls,yes,,,,codes/NiliFossae/CNN-3D/CSQ/64/cls.npz,
NiliFossae,CNN-3D,CSQ,64,all,yes,,,,codes/NiliFossae/CNN-3D/CSQ/64/all.npz,
NiliFossae,CNN-3D,DPN,16,cls,yes,,,,codes/NiliFossae/CNN-3D/DPN/16/cls.npz,
NiliFossae,CNN-3D,DPN,16,all,yes,,,,codes/NiliFossae/CNN-3D/DPN/16/all.npz,
NiliFossae,CNN-3D,DPN,32,cls,yes,,,,codes/NiliFossae/CNN-3D/DPN/32/cls.npz,
NiliFossae,CNN-3D,DPN,32,all,yes,,,,codes/NiliFossae/CNN-3D/DPN/32/all.npz,
NiliFossae,CNN-3D,DPN,64,cls,yes,,,,codes/NiliFossae/CNN-3D/DPN/64/cls.npz,
NiliFossae,CNN-3D,DPN,64,all,yes,,,,codes/NiliFossae/CNN-3D/DPN/64/all.npz,
NiliFossae,CNN-3D,DSH,16,cls,yes,,,,codes/NiliFossae/CNN-3D/DSH/16/cls.npz,
NiliFossae,CNN-3D,DSH,16,all,yes,,,,codes/NiliFossae/CNN-3D/DSH/16/all.npz,
NiliFossae,CNN-3D,DSH,32,cls,yes,,,,codes/NiliFossae/CNN-3D/DSH/32/cls.npz,
NiliFossae,CNN-3D,DSH,32,all,yes,,,,codes/NiliFossae/CNN-3D/DSH/32/all.npz,
NiliFossae,CNN-3D,DSH,64,cls,yes,,,,codes/NiliFossae/CNN-3D/DSH/64/cls.npz,
NiliFossae,CNN-3D,DSH,64,all,yes,,,,codes/NiliFossae/CNN-3D/DSH/64/all.npz,
NiliFossae,CNN-3D,GreedyHash,16,cls,yes,,,,codes/NiliFossae/CNN-3D/GreedyHash/16/cls.npz,
NiliFossae,CNN-3D,GreedyHash,16,all,yes,,,,codes/NiliFossae/CNN-3D/GreedyHash/16/all.npz,
NiliFossae,CNN-3D,GreedyHash,32,cls,yes,,,,codes/NiliFossae/CNN-3D/GreedyHash/32/cls.npz,
NiliFossae,CNN-3D,GreedyHash,32,all,yes,,,,codes/NiliFossae/CNN-3D/GreedyHash/32/all.npz,
NiliFossae,CNN-3D,GreedyHash,64,cls,yes,,,,codes/NiliFossae/CNN-3D/GreedyHash/64/cls.npz,
NiliFossae,CNN-3D,GreedyHash,64,all,yes,,,,codes/NiliFossae/CNN-3D/GreedyHash/64/all.npz,
NiliFossae,CNN-3D,HashNet,16,cls,yes,,,,codes/NiliFossae/CNN-3D/HashNet/16/cls.npz,
NiliFossae,CNN-3D,HashNet,16,all,yes,,,,codes/NiliFossae/CNN-3D/HashNet/16/all.npz,
NiliFossae,CNN-3D,HashNet,32,cls,yes,,,,codes/NiliFossae/CNN-3D/HashNet/32/cls.npz,
NiliFossae,CNN-3D,HashNet,32,all,yes,,,,codes/NiliFossae/CNN-3D/HashNet/32/all.npz,
NiliFossae,CNN-3D,HashNet,64,cls,yes,,,,codes/NiliFossae/CNN-3D/HashNet/64/cls.npz,
NiliFossae,CNN-3D,HashNet,64,all,yes,,,,codes/NiliFossae/CNN-3D/HashNet/64/all.npz,
NiliFossae,CNN-3D,IDHN,16,cls,yes,,,,codes/NiliFossae/CNN-3D/IDHN/16/cls.npz,
NiliFossae,CNN-3D,IDHN,16,all,yes,,,,codes/NiliFossae/CNN-3D/IDHN/16/all.npz,
NiliFossae,CNN-3D,IDHN,32,cls,yes,,,,codes/NiliFossae/CNN-3D/IDHN/32/cls.npz,
NiliFossae,CNN-3D,IDHN,32,all,yes,,,,codes/NiliFossae/CNN-3D/IDHN/32/all.npz,
NiliFossae,CNN-3D,IDHN,64,cls,yes,,,,codes/NiliFossae/CNN-3D/IDHN/64/cls.npz,
NiliFossae,CNN-3D,IDHN,64,all,yes,,,,codes/NiliFossae/CNN-3D/IDHN/64/all.npz,
NiliFossae,CNN-3D,OrthoHash,16,cls,yes,,,,codes/NiliFossae/CNN-3D/OrthoHash/16/cls.npz,
NiliFossae,CNN-3D,OrthoHash,16,all,yes,,,,codes/NiliFossae/CNN-3D/OrthoHash/16/all.npz,
NiliFossae,CNN-3D,OrthoHash,32,cls,yes,,,,codes/NiliFossae/CNN-3D/OrthoHash/32/cls.npz,
NiliFossae,CNN-3D,OrthoHash,32,all,yes,,,,codes/NiliFossae/CNN-3D/OrthoHash/32/all.npz,
NiliFossae,CNN-3D,OrthoHash,64,cls,yes,,,,codes/NiliFossae/CNN-3D/OrthoHash/64/cls.npz,
NiliFossae,CNN-3D,OrthoHash,64,all,yes,,,,codes/NiliFossae/CNN-3D/OrthoHash/64/all.npz,
NiliFossae,CNN-3D,DSPCH,16,cls,yes,,,,codes/NiliFossae/CNN-3D/DSPCH/16/cls.npz,
NiliFossae,CNN-3D,DSPCH,16,all,yes,,,,codes/NiliFossae/CNN-3D/DSPCH/16/all.npz,
NiliFossae,CNN-3D,DSPCH,32,cls,yes,,,,codes/NiliFossae/CNN-3D/DSPCH/32/cls.npz,
NiliFossae,CNN-3D,DSPCH,32,all,yes,,,,codes/NiliFossae/CNN-3D/DSPCH/32/all.npz,
NiliFossae,CNN-3D,DSPCH,64,cls,yes,,,,codes/NiliFossae/CNN-3D/DSPCH/64/cls.npz,
NiliFossae,CNN-3D,DSPCH,64,all,yes,,,,codes/NiliFossae/CNN-3D/DSPCH/64/all.npz,
NiliFossae,CNN-3D,DHNN,16,cls,yes,,,,codes/NiliFossae/CNN-3D/DHNN/16/cls.npz,
NiliFossae,CNN-3D,DHNN,16,all,yes,,,,codes/NiliFossae/CNN-3D/DHNN/16/all.npz,
NiliFossae,CNN-3D,DHNN,32,cls,yes,,,,codes/NiliFossae/CNN-3D/DHNN/32/cls.npz,
NiliFossae,CNN-3D,DHNN,32,all,yes,,,,codes/NiliFossae/CNN-3D/DHNN/32/all.npz,
NiliFossae,CNN-3D,DHNN,64,cls,yes,,,,codes/NiliFossae/CNN-3D/DHNN/64/cls.npz,
NiliFossae,CNN-3D,DHNN,64,all,yes,,,,codes/NiliFossae/CNN-3D/DHNN/64/all.npz,
NiliFossae,HybridSN,CSQ,16,cls,yes,,,,codes/NiliFossae/HybridSN/CSQ/16/cls.npz,
NiliFossae,HybridSN,CSQ,16,all,yes,,,,codes/NiliFossae/HybridSN/CSQ/16/all.npz,
NiliFossae,HybridSN,CSQ,32,cls,yes,,,,codes/NiliFossae/HybridSN/CSQ/32/cls.npz,
NiliFossae,HybridSN,CSQ,32,all,yes,,,,codes/NiliFossae/HybridSN/CSQ/32/all.npz,
NiliFossae,HybridSN,CSQ,64,cls,yes,,,,codes/NiliFossae/HybridSN/CSQ/64/cls.npz,
NiliFossae,HybridSN,CSQ,64,all,yes,,,,codes/NiliFossae/HybridSN/CSQ/64/all.npz,
NiliFossae,HybridSN,DPN,16,cls,yes,,,,codes/NiliFossae/HybridSN/DPN/16/cls.npz,
NiliFossae,HybridSN,DPN,16,all,yes,,,,codes/NiliFossae/HybridSN/DPN/16/all.npz,
NiliFossae,HybridSN,DPN,32,cls,yes,,,,codes/NiliFossae/HybridSN/DPN/32/cls.npz,
NiliFossae,HybridSN,DPN,32,all,yes,,,,codes/NiliFossae/HybridSN/DPN/32/all.npz,
NiliFossae,HybridSN,DPN,64,cls,yes,,,,codes/NiliFossae/HybridSN/DPN/64/cls.npz,
NiliFossae,HybridSN,DPN,64,all,yes,,,,codes/NiliFossae/HybridSN/DPN/64/all.npz,
NiliFossae,HybridSN,DSH,16,cls,yes,,,,codes/NiliFossae/HybridSN/DSH/16/cls.npz,
NiliFossae,HybridSN,DSH,16,all,yes,,,,codes/NiliFossae/HybridSN/DSH/16/all.npz,
NiliFossae,HybridSN,DSH,32,cls,yes,,,,codes/NiliFossae/HybridSN/DSH/32/cls.npz,
NiliFossae,HybridSN,DSH,32,all,yes,,,,codes/NiliFossae/HybridSN/DSH/32/all.npz,
NiliFossae,HybridSN,DSH,64,cls,yes,,,,codes/NiliFossae/HybridSN/DSH/64/cls.npz,
NiliFossae,HybridSN,DSH,64,all,yes,,,,codes/NiliFossae/HybridSN/DSH/64/all.npz,
NiliFossae,HybridSN,GreedyHash,16,cls,yes,,,,codes/NiliFossae/HybridSN/GreedyHash/16/cls.npz,
NiliFossae,HybridSN,GreedyHash,16,all,yes,,,,codes/NiliFossae/HybridSN/GreedyHash/16/all.npz,
NiliFossae,HybridSN,GreedyHash,32,cls,yes,,,,codes/NiliFossae/HybridSN/GreedyHash/32/cls.npz,
NiliFossae,HybridSN,GreedyHash,32,all,yes,,,,codes/NiliFossae/HybridSN/GreedyHash/32/all.npz,
NiliFossae,HybridSN,GreedyHash,64,cls,yes,,,,codes/NiliFossae/HybridSN/GreedyHash/64/cls.npz,
NiliFossae,HybridSN,GreedyHash,64,all,yes,,,,codes/NiliFossae/HybridSN/GreedyHash/64/all.npz,
NiliFossae,HybridSN,HashNet,16,cls,yes,,,,codes/NiliFossae/HybridSN/HashNet/16/cls.npz,
NiliFossae,HybridSN,HashNet,16,all,yes,,,,codes/NiliFossae/HybridSN/HashNet/16/all.npz,
NiliFossae,HybridSN,HashNet,32,cls,yes,,,,codes/NiliFossae/HybridSN/HashNet/32/cls.npz,
NiliFossae,HybridSN,HashNet,32,all,yes,,,,codes/NiliFossae/HybridSN/HashNet/32/all.npz,
NiliFossae,HybridSN,HashNet,64,cls,yes,,,,codes/NiliFossae/HybridSN/HashNet/64/cls.npz,
NiliFossae,HybridSN,HashNet,64,all,yes,,,,codes/NiliFossae/HybridSN/HashNet/64/all.npz,
NiliFossae,HybridSN,IDHN,16,cls,yes,,,,codes/NiliFossae/HybridSN/IDHN/16/cls.npz,
NiliFossae,HybridSN,IDHN,16,all,yes,,,,codes/NiliFossae/HybridSN/IDHN/16/all.npz,
NiliFossae,HybridSN,IDHN,32,cls,yes,,,,codes/NiliFossae/HybridSN/IDHN/32/cls.npz,
NiliFossae,HybridSN,IDHN,32,all,yes,,,,codes/NiliFossae/HybridSN/IDHN/32/all.npz,
NiliFossae,HybridSN,IDHN,64,cls,yes,,,,codes/NiliFossae/HybridSN/IDHN/64/cls.npz,
NiliFossae,HybridSN,IDHN,64,all,yes,,,,codes/NiliFossae/HybridSN/IDHN/64/all.npz,
NiliFossae,HybridSN,OrthoHash,16,cls,yes,,,,codes/NiliFossae/HybridSN/OrthoHash/16/cls.npz,
NiliFossae,HybridSN,OrthoHash,16,all,yes,,,,codes/NiliFossae/HybridSN/OrthoHash/16/all.npz,
NiliFossae,HybridSN,OrthoHash,32,cls,yes,,,,codes/NiliFossae/HybridSN/OrthoHash/32/cls.npz,
NiliFossae,HybridSN,OrthoHash,32,all,yes,,,,codes/NiliFossae/HybridSN/OrthoHash/32/all.npz,
NiliFossae,HybridSN,OrthoHash,64,cls,yes,,,,codes/NiliFossae/HybridSN/OrthoHash/64/cls.npz,
NiliFossae,HybridSN,OrthoHash,64,all,yes,,,,codes/NiliFossae/HybridSN/OrthoHash/64/all.npz,
NiliFossae,HybridSN,DSPCH,16,cls,yes,,,,codes/NiliFossae/HybridSN/DSPCH/16/cls.npz,
NiliFossae,HybridSN,DSPCH,16,all,yes,,,,codes/NiliFossae/HybridSN/DSPCH/16/all.npz,
NiliFossae,HybridSN,DSPCH,32,cls,yes,,,,codes/NiliFossae/HybridSN/DSPCH/32/cls.npz,
NiliFossae,HybridSN,DSPCH,32,all,yes,,,,codes/NiliFossae/HybridSN/DSPCH/32/all.npz,
NiliFossae,HybridSN,DSPCH,64,cls,yes,,,,codes/NiliFossae/HybridSN/DSPCH/64/cls.npz,
NiliFossae,HybridSN,DSPCH,64,all,yes,,,,codes/NiliFossae/HybridSN/DSPCH/64/all.npz,
NiliFossae,HybridSN,DHNN,16,cls,yes,,,,codes/NiliFossae/HybridSN/DHNN/16/cls.npz,
NiliFossae,HybridSN,DHNN,16,all,yes,,,,codes/NiliFossae/HybridSN/DHNN/16/all.npz,
NiliFossae,HybridSN,DHNN,32,cls,yes,,,,codes/NiliFossae/HybridSN/DHNN/32/cls.npz,
NiliFossae,HybridSN,DHNN,32,all,yes,,,,codes/NiliFossae/HybridSN/DHNN/32/all.npz,
NiliFossae,HybridSN,DHNN,64,cls,yes,,,,codes/NiliFossae/HybridSN/DHNN/64/cls.npz,
NiliFossae,HybridSN,DHNN,64,all,yes,,,,codes/NiliFossae/HybridSN/DHNN/64/all.npz,
NiliFossae,MorphFormer,CSQ,16,cls,yes,,,,codes/NiliFossae/MorphFormer/CSQ/16/cls.npz,
NiliFossae,MorphFormer,CSQ,16,all,yes,,,,codes/NiliFossae/MorphFormer/CSQ/16/all.npz,
NiliFossae,MorphFormer,CSQ,32,cls,yes,,,,codes/NiliFossae/MorphFormer/CSQ/32/cls.npz,
NiliFossae,MorphFormer,CSQ,32,all,yes,,,,codes/NiliFossae/MorphFormer/CSQ/32/all.npz,
NiliFossae,MorphFormer,CSQ,64,cls,yes,,,,codes/NiliFossae/MorphFormer/CSQ/64/cls.npz,
NiliFossae,MorphFormer,CSQ,64,all,yes,,,,codes/NiliFossae/MorphFormer/CSQ/64/all.npz,
NiliFossae,MorphFormer,DPN,16,cls,yes,,,,codes/NiliFossae/MorphFormer/DPN/16/cls.npz,
NiliFossae,MorphFormer,DPN,16,all,yes,,,,codes/NiliFossae/MorphFormer/DPN/16/all.npz,
NiliFossae,MorphFormer,DPN,32,cls,yes,,,,codes/NiliFossae/MorphFormer/DPN/32/cls.npz,
NiliFossae,MorphFormer,DPN,32,all,yes,,,,codes/NiliFossae/MorphFormer/DPN/32/all.npz,
NiliFossae,MorphFormer,DPN,64,cls,yes,,,,codes/NiliFossae/MorphFormer/DPN/64/cls.npz,
NiliFossae,MorphFormer,DPN,64,all,yes,,,,codes/NiliFossae/MorphFormer/DPN/64/all.npz,
NiliFossae,MorphFormer,DSH,16,cls,yes,,,,codes/NiliFossae/MorphFormer/DSH/16/cls.npz,
NiliFossae,MorphFormer,DSH,16,all,yes,,,,codes/NiliFossae/MorphFormer/DSH/16/all.npz,
NiliFossae,MorphFormer,DSH,32,cls,yes,,,,codes/NiliFossae/MorphFormer/DSH/32/cls.npz,
NiliFossae,MorphFormer,DSH,32,all,yes,,,,codes/NiliFossae/MorphFormer/DSH/32/all.npz,
NiliFossae,MorphFormer,DSH,64,cls,yes,,,,codes/NiliFossae/MorphFormer/DSH/64/cls.npz,
NiliFossae,MorphFormer,DSH,64,all,yes,,,,codes/NiliFossae/MorphFormer/DSH/64/all.npz,
NiliFossae,MorphFormer,GreedyHash,16,cls,yes,,,,codes/NiliFossae/MorphFormer/GreedyHash/16/cls.npz,
NiliFossae,MorphFormer,GreedyHash,16,all,yes,,,,codes/NiliFossae/MorphFormer/GreedyHash/16/all.npz,
NiliFossae,MorphFormer,GreedyHash,32,cls,yes,,,,codes/NiliFossae/MorphFormer/GreedyHash/32/cls.npz,
NiliFossae,MorphFormer,GreedyHash,32,all,yes,,,,codes/NiliFossae/MorphFormer/GreedyHash/32/all.npz,
NiliFossae,MorphFormer,GreedyHash,64,cls,yes,,,,codes/NiliFossae/MorphFormer/GreedyHash/64/cls.npz,
NiliFossae,MorphFormer,GreedyHash,64,all,yes,,,,codes/NiliFossae/MorphFormer/GreedyHash/64/all.npz,
NiliFossae,MorphFormer,HashNet,16,cls,yes,,,,codes/NiliFossae/MorphFormer/HashNet/16/cls.npz,
NiliFossae,MorphFormer,HashNet,16,all,yes,,,,codes/NiliFossae/MorphFormer/HashNet/16/all.npz,
NiliFossae,MorphFormer,HashNet,32,cls,yes,,,,codes/NiliFossae/MorphFormer/HashNet/32/cls.npz,
NiliFossae,MorphFormer,HashNet,32,all,yes,,,,codes/NiliFossae/MorphFormer/HashNet/32/all.npz,
NiliFossae,MorphFormer,HashNet,64,cls,yes,,,,codes/NiliFossae/MorphFormer/HashNet/64/cls.npz,
NiliFossae,MorphFormer,HashNet,64,all,yes,,,,codes/NiliFossae/MorphFormer/HashNet/64/all.npz,
NiliFossae,MorphFormer,IDHN,16,cls,yes,,,,codes/NiliFossae/MorphFormer/IDHN/16/cls.npz,
NiliFossae,MorphFormer,IDHN,16,all,yes,,,,codes/NiliFossae/MorphFormer/IDHN/16/all.npz,
NiliFossae,MorphFormer,IDHN,32,cls,yes,,,,codes/NiliFossae/MorphFormer/IDHN/32/cls.npz,
NiliFossae,MorphFormer,IDHN,32,all,yes,,,,codes/NiliFossae/MorphFormer/IDHN/32/all.npz,
NiliFossae,MorphFormer,IDHN,64,cls,yes,,,,codes/NiliFossae/MorphFormer/IDHN/64/cls.npz,
NiliFossae,MorphFormer,IDHN,64,all,yes,,,,codes/NiliFossae/MorphFormer/IDHN/64/all.npz,
NiliFossae,MorphFormer,OrthoHash,16,cls,yes,,,,codes/NiliFossae/MorphFormer/OrthoHash/16/cls.npz,
NiliFossae,MorphFormer,OrthoHash,16,all,yes,,,,codes/NiliFossae/MorphFormer/OrthoHash/16/all.npz,
NiliFossae,MorphFormer,OrthoHash,32,cls,yes,,,,codes/NiliFossae/MorphFormer/OrthoHash/32/cls.npz,
NiliFossae,MorphFormer,OrthoHash,32,all,yes,,,,codes/NiliFossae/MorphFormer/OrthoHash/32/all.npz,
NiliFossae,MorphFormer,OrthoHash,64,cls,yes,,,,codes/NiliFossae/MorphFormer/OrthoHash/64/cls.npz,
NiliFossae,MorphFormer,OrthoHash,64,all,yes,,,,codes/NiliFossae/MorphFormer/OrthoHash/64/all.npz,
NiliFossae,MorphFormer,DSPCH,16,cls,yes,,,,codes/NiliFossae/MorphFormer/DSPCH/16/cls.npz,
NiliFossae,MorphFormer,DSPCH,16,all,yes,,,,codes/NiliFossae/MorphFormer/DSPCH/16/all.npz,
NiliFossae,MorphFormer,DSPCH,32,cls,yes,,,,codes/NiliFossae/MorphFormer/DSPCH/32/cls.npz,
NiliFossae,MorphFormer,DSPCH,32,all,yes,,,,codes/NiliFossae/MorphFormer/DSPCH/32/all.npz,
NiliFossae,MorphFormer,DSPCH,64,cls,yes,,,,codes/NiliFossae/MorphFormer/DSPCH/64/cls.npz,
NiliFossae,MorphFormer,DSPCH,64,all,yes,,,,codes/NiliFossae/MorphFormer/DSPCH/64/all.npz,
NiliFossae,MorphFormer,DHNN,16,cls,yes,,,,codes/NiliFossae/MorphFormer/DHNN/16/cls.npz,
NiliFossae,MorphFormer,DHNN,16,all,yes,,,,codes/NiliFossae/MorphFormer/DHNN/16/all.npz,
NiliFossae,MorphFormer,DHNN,32,cls,yes,,,,codes/NiliFossae/MorphFormer/DHNN/32/cls.npz,
NiliFossae,MorphFormer,DHNN,32,all,yes,,,,codes/NiliFossae/MorphFormer/DHNN/32/all.npz,
NiliFossae,MorphFormer,DHNN,64,cls,yes,,,,codes/NiliFossae/MorphFormer/DHNN/64/cls.npz,
NiliFossae,MorphFormer,DHNN,64,all,yes,,,,codes/NiliFossae/MorphFormer/DHNN/64/all.npz,
NiliFossae,SpectralFormer,CSQ,16,cls,yes,,,,codes/NiliFossae/SpectralFormer/CSQ/16/cls.npz,
NiliFossae,SpectralFormer,CSQ,16,all,yes,,,,codes/NiliFossae/SpectralFormer/CSQ/16/all.npz,
NiliFossae,SpectralFormer,CSQ,32,cls,yes,,,,codes/NiliFossae/SpectralFormer/CSQ/32/cls.npz,
NiliFossae,SpectralFormer,CSQ,32,all,yes,,,,codes/NiliFossae/SpectralFormer/CSQ/32/all.npz,
NiliFossae,SpectralFormer,CSQ,64,cls,yes,,,,codes/NiliFossae/SpectralFormer/CSQ/64/cls.npz,
NiliFossae,SpectralFormer,CSQ,64,all,yes,,,,codes/NiliFossae/SpectralFormer/CSQ/64/all.npz,
NiliFossae,SpectralFormer,DPN,16,cls,yes,,,,codes/NiliFossae/SpectralFormer/DPN/16/cls.npz,
NiliFossae,SpectralFormer,DPN,16,all,yes,,,,codes/NiliFossae/SpectralFormer/DPN/16/all.npz,
NiliFossae,SpectralFormer,DPN,32,cls,yes,,,,codes/NiliFossae/SpectralFormer/DPN/32/cls.npz,
NiliFossae,SpectralFormer,DPN,32,all,yes,,,,codes/NiliFossae/SpectralFormer/DPN/32/all.npz,
NiliFossae,SpectralFormer,DPN,64,cls,yes,,,,codes/NiliFossae/SpectralFormer/DPN/64/cls.npz,
NiliFossae,SpectralFormer,DPN,64,all,yes,,,,codes/NiliFossae/SpectralFormer/DPN/64/all.npz,
NiliFossae,SpectralFormer,DSH,16,cls,yes,,,,codes/NiliFossae/SpectralFormer/DSH/16/cls.npz,
NiliFossae,SpectralFormer,DSH,16,all,yes,,,,codes/NiliFossae/SpectralFormer/DSH/16/all.npz,
NiliFossae,SpectralFormer,DSH,32,cls,yes,,,,codes/NiliFossae/SpectralFormer/DSH/32/cls.npz,
NiliFossae,SpectralFormer,DSH,32,all,yes,,,,codes/NiliFossae/SpectralFormer/DSH/32/all.npz,
NiliFossae,SpectralFormer,DSH,64,cls,yes,,,,codes/NiliFossae/SpectralFormer/DSH/64/cls.npz,
NiliFossae,SpectralFormer,DSH,64,all,yes,,,,codes/NiliFossae/SpectralFormer/DSH/64/all.npz,
NiliFossae,SpectralFormer,GreedyHash,16,cls,yes,,,,codes/NiliFossae/SpectralFormer/GreedyHash/16/cls.npz,
NiliFossae,SpectralFormer,GreedyHash,16,all,yes,,,,codes/NiliFossae/SpectralFormer/GreedyHash/16/all.npz,
NiliFossae,SpectralFormer,GreedyHash,32,cls,yes,,,,codes/NiliFossae/SpectralFormer/GreedyHash/32/cls.npz,
NiliFossae,SpectralFormer,GreedyHash,32,all,yes,,,,codes/NiliFossae/SpectralFormer/GreedyHash/32/all.npz,
NiliFossae,SpectralFormer,GreedyHash,64,cls,yes,,,,codes/NiliFossae/SpectralFormer/GreedyHash/64/cls.npz,
NiliFossae,SpectralFormer,GreedyHash,64,all,yes,,,,codes/NiliFossae/SpectralFormer/GreedyHash/64/all.npz,
NiliFossae,SpectralFormer,HashNet,16,cls,yes,,,,codes/NiliFossae/SpectralFormer/HashNet/16/cls.npz,
NiliFossae,SpectralFormer,HashNet,16,all,yes,,,,codes/NiliFossae/SpectralFormer/HashNet/16/all.npz,
NiliFossae,SpectralFormer,HashNet,32,cls,yes,,,,codes/NiliFossae/SpectralFormer/HashNet/32/cls.npz,
NiliFossae,SpectralFormer,HashNet,32,all,yes,,,,codes/NiliFossae/SpectralFormer/HashNet/32/all.npz,
NiliFossae,SpectralFormer,HashNet,64,cls,yes,,,,codes/NiliFossae/SpectralFormer/HashNet/64/cls.npz,
NiliFossae,SpectralFormer,HashNet,64,all,yes,,,,codes/NiliFossae/SpectralFormer/HashNet/64/all.npz,
NiliFossae,SpectralFormer,IDHN,16,cls,yes,,,,codes/NiliFossae/SpectralFormer/IDHN/16/cls.npz,
NiliFossae,SpectralFormer,IDHN,16,all,yes,,,,codes/NiliFossae/SpectralFormer/IDHN/16/all.npz,
NiliFossae,SpectralFormer,IDHN,32,cls,yes,,,,codes/NiliFossae/SpectralFormer/IDHN/32/cls.npz,
NiliFossae,SpectralFormer,IDHN,32,all,yes,,,,codes/NiliFossae/SpectralFormer/IDHN/32/all.npz,
NiliFossae,SpectralFormer,IDHN,64,cls,yes,,,,codes/NiliFossae/SpectralFormer/IDHN/64/cls.npz,
NiliFossae,SpectralFormer,IDHN,64,all,yes,,,,codes/NiliFossae/SpectralFormer/IDHN/64/all.npz,
NiliFossae,SpectralFormer,OrthoHash,16,cls,yes,,,,codes/NiliFossae/SpectralFormer/OrthoHash/16/cls.npz,
NiliFossae,SpectralFormer,OrthoHash,16,all,yes,,,,codes/NiliFossae/SpectralFormer/OrthoHash/16/all.npz,
NiliFossae,SpectralFormer,OrthoHash,32,cls,yes,,,,codes/NiliFossae/SpectralFormer/OrthoHash/32/cls.npz,
NiliFossae,SpectralFormer,OrthoHash,32,all,yes,,,,codes/NiliFossae/SpectralFormer/OrthoHash/32/all.npz,
NiliFossae,SpectralFormer,OrthoHash,64,cls,yes,,,,codes/NiliFossae/SpectralFormer/OrthoHash/64/cls.npz,
NiliFossae,SpectralFormer,OrthoHash,64,all,yes,,,,codes/NiliFossae/SpectralFormer/OrthoHash/64/all.npz,
NiliFossae,SpectralFormer,DSPCH,16,cls,yes,,,,codes/NiliFossae/SpectralFormer/DSPCH/16/cls.npz,
NiliFossae,SpectralFormer,DSPCH,16,all,yes,,,,codes/NiliFossae/SpectralFormer/DSPCH/16/all.npz,
NiliFossae,SpectralFormer,DSPCH,32,cls,yes,,,,codes/NiliFossae/SpectralFormer/DSPCH/32/cls.npz,
NiliFossae,SpectralFormer,DSPCH,32,all,yes,,,,codes/NiliFossae/SpectralFormer/DSPCH/32/all.npz,
NiliFossae,SpectralFormer,DSPCH,64,cls,yes,,,,codes/NiliFossae/SpectralFormer/DSPCH/64/cls.npz,
NiliFossae,SpectralFormer,DSPCH,64,all,yes,,,,codes/NiliFossae/SpectralFormer/DSPCH/64/all.npz,
NiliFossae,SpectralFormer,DHNN,16,cls,yes,,,,codes/NiliFossae/SpectralFormer/DHNN/16/cls.npz,
NiliFossae,SpectralFormer,DHNN,16,all,yes,,,,codes/NiliFossae/SpectralFormer/DHNN/16/all.npz,
NiliFossae,SpectralFormer,DHNN,32,cls,yes,,,,codes/NiliFossae/SpectralFormer/DHNN/32/cls.npz,
NiliFossae,SpectralFormer,DHNN,32,all,yes,,,,codes/NiliFossae/SpectralFormer/DHNN/32/all.npz,
NiliFossae,SpectralFormer,DHNN,64,cls,yes,,,,codes/NiliFossae/SpectralFormer/DHNN/64/cls.npz,
NiliFossae,SpectralFormer,DHNN,64,all,yes,,,,codes/NiliFossae/SpectralFormer/DHNN/64/all.npz,
